AA00,13
AA01,13
AA02,13
AA03,13
AA04,13
AA05,13
AA10,13
AA11,13
AA12,13
AA13,13
AA14,13
AA15,13
AA20,13
AA21,13
AA22,13
AA23,13
AA24,13
AA25,13
AA27,13
AA30,13
AA31,13
AA32,13
AA33,13
AA34,13
AA35,13
AA36,13
AA37,13
AA40,13
AA41,13
AA42,13
AA43,13
AA44,13
AA45,13
AA46,13
AA47,13
AA50,13
AA51,13
AA52,13
AA53,13
AA54,13
AA55,13
AA56,13
AA60,13
AA61,13
AA62,13
AA63,13
AA64,13
AA65,13
AA66,13
AA70,13
AA71,13
AA72,13
AA73,13
AA74,13
AA75,13
AA76,13
AA80,13
AA81,13
AA82,13
AA83,13
AA84,13
AA85,13
AA86,13
AA87,13
AA88,13
AA90,13
AA91,13
AA92,13
AA93,13
AA94,13
AA95,13
AA96,13
AA97,13
AA98,13
AB70,13
AB71,13
AB80,13
AB81,13
AB90,13
AB91,13
AE15,34
AE16,34
AE25,34
AE26,34
AF08,133
AF09,133
AG00,133
AG09,176
AG10,133
AG17,160
AG28,160
AG98,234
AH00,176
AH01,176
AH02,176
AH03,176
AH05,298
AH16,298
AH20,160
AH21,160
AH24,160
AH31,160
AH36,190
AH46,190
AH48,515
AH49,515
AH50,188
AH51,188
AH55,9
AH68,191
AH69,191
AH78,191
AH79,191
AH81,234
AH82,234
AH86,191
AH87,191
AH91,234
AH99,191
AI19,20
AI25,31
AI26,31
AI30,270
AI31,270
AI35,31
AI36,31
AI40,270
AI41,270
AI45,31
AI46,31
AI47,31
AI90,191
AI99,197
AJ10,20
AJ11,20
AJ85,197
AJ94,48
AJ95,197
AJ96,197
AK56,123
AL08,138
AL18,174
AL36,110
AL45,110
AL55,110
AL65,110
AL73,110
AL91,110
AL92,110
AL93,110
AO01,6
AO11,6
AO12,6
AO21,6
AO22,6
AO32,6
AO42,6
AO47,6
AO52,6
AO53,6
AO56,6
AO63,6
AO64,6
AO69,6
AO74,6
AO79,6
AO84,6
AO85,6
AO88,6
AO89,6
AO94,6
AO95,6
AO96,6
AO98,6
AO99,6
AP04,15
AP05,15
AP06,15
AP07,15
AP08,15
AP14,15
AP15,15
AP16,15
AP17,15
AP18,15
AP24,15
AP25,15
AP26,15
AP27,15
AP30,6
AP34,15
AP35,15
AP36,15
AP37,15
AP43,6
AP45,15
AP46,15
AP52,6
AP53,6
AP54,6
AP56,15
AP60,6
AP61,6
AP62,6
AP64,6
AP65,6
AP66,6
AP68,6
AP70,6
AP71,6
AP72,6
AP73,6
AP74,6
AP75,6
AP76,6
AP77,6
AP78,6
AP80,6
AP81,6
AP82,6
AP83,6
AP84,6
AP85,6
AP86,6
AP87,6
AP88,6
AP89,6
AP90,6
AP91,6
AP92,6
AP93,6
AP94,6
AP95,6
AP96,6
AP97,6
AP98,6
AP99,6
AQ00,15
AQ01,15
AQ11,15
AQ80,6
AQ90,6
BA00,13
BA01,13
BA02,13
BA03,13
BA04,13
BA05,13
BA06,13
BA07,13
BA08,13
BA10,13
BA11,13
BA12,13
BA13,13
BA14,13
BA15,13
BA16,13
BA17,13
BA18,13
BA20,13
BA21,13
BA22,13
BA23,13
BA24,13
BA25,13
BA26,13
BA27,13
BA28,13
BA29,13
BA30,13
BA31,13
BA32,13
BA33,13
BA34,13
BA35,13
BA36,13
BA37,13
BA38,13
BA39,13
BA40,13
BA41,13
BA42,13
BA43,13
BA44,13
BA45,13
BA46,13
BA47,13
BA48,13
BA49,13
BA50,13
BA51,13
BA52,13
BA53,13
BA54,13
BA55,13
BA56,13
BA57,13
BA58,13
BA59,13
BA60,13
BA61,13
BA62,13
BA63,13
BA64,13
BA65,13
BA66,13
BA67,13
BA68,13
BA69,13
BA70,13
BA71,13
BA72,13
BA73,13
BA74,13
BA75,13
BA76,13
BA77,13
BA78,13
BA79,13
BA80,13
BA81,13
BA82,13
BA83,13
BA84,13
BA85,13
BA86,13
BA87,13
BA88,13
BA89,13
BA90,13
BA91,13
BA92,13
BA93,13
BA94,13
BA95,13
BA96,13
BA97,13
BA98,13
BA99,13
BB00,13
BB01,13
BB02,13
BB11,13
BB12,13
BB20,13
BB21,13
BB22,13
BB30,13
BB31,13
BB32,13
BB40,13
BB41,13
BB42,13
BB43,13
BB50,13
BB51,13
BB52,13
BB53,13
BB60,13
BB61,13
BB62,13
BB63,13
BB64,13
BB70,13
BB71,13
BB72,13
BB73,13
BB74,13
BB80,13
BB81,13
BB82,13
BB83,13
BB84,13
BB90,13
BB91,13
BB92,13
BB93,13
BB94,13
BG07,234
BG08,234
BG09,234
BG17,234
BG18,234
BG19,234
BG27,508
BG28,508
BG37,508
BG47,508
BG56,508
BG65,508
BG66,508
BG72,508
BG81,508
BG82,508
BG98,175
BH00,234
BH01,234
BH10,234
BH24,175
BH33,175
BH38,48
BH39,48
BH42,175
BH43,175
BH48,48
BH49,48
BH52,175
BH53,175
BH54,175
BH55,175
BH59,48
BH63,175
BH64,175
BH65,175
BH72,175
BH73,175
BH74,175
BH75,175
BH82,175
BH83,175
BH90,175
BH91,175
BH92,175
BH94,175
BH95,175
BI00,191
BI01,191
BI09,197
BI10,191
BI11,191
BI14,48
BI24,48
BI25,48
BI26,48
BI30,48
BI40,48
BI50,48
BI90,509
BI91,509
BI92,509
BJ03,48
BJ04,48
BJ11,48
BJ12,48
BK19,110
BK28,110
BK29,110
BL01,110
BL02,110
BL10,110
BL11,110
BL20,110
BO04,6
BO05,6
BO06,6
BO07,6
BO08,6
BO09,6
BO16,6
BO17,6
BO18,6
BO19,6
BO25,6
BO26,6
BO27,6
BO28,6
BO29,6
BO36,6
BO37,6
BO38,6
BO39,6
BO48,6
BO49,6
BO59,6
BO69,6
BO79,6
BO89,6
BO99,6
BP00,6
BP01,6
BP02,6
BP03,6
BP04,6
BP05,6
BP06,6
BP07,6
BP08,6
BP09,6
BP10,6
BP11,6
BP12,6
BP13,6
BP14,6
BP15,6
BP16,6
BP17,6
BP18,6
BP19,6
BP20,6
BP21,6
BP22,6
BP23,6
BP24,6
BP25,6
BP26,6
BP27,6
BP28,6
BP29,6
BP30,6
BP31,6
BP32,6
BP33,6
BP34,6
BP35,6
BP36,6
BP37,6
BP38,6
BP39,6
BP40,6
BP41,6
BP42,6
BP43,6
BP44,6
BP45,6
BP46,6
BP47,6
BP48,6
BP49,6
BP50,6
BP51,6
BP52,6
BP53,6
BP54,6
BP55,6
BP56,6
BP57,6
BP58,6
BP59,6
BP60,6
BP61,6
BP62,6
BP63,6
BP64,6
BP65,6
BP66,6
BP67,6
BP68,6
BP69,6
BP70,6
BP71,6
BP72,6
BP73,6
BP74,6
BP75,6
BP76,6
BP77,6
BP78,6
BP79,6
BP80,6
BP81,6
BP82,6
BP83,6
BP84,6
BP85,6
BP86,6
BP87,6
BP88,6
BP89,6
BQ00,6
BQ10,6
BQ11,6
BQ20,6
BQ21,6
BQ30,6
BQ40,6
BQ50,6
BQ60,6
BQ70,6
BQ80,6
CA00,13
CA01,13
CA02,13
CA03,13
CA04,13
CA05,13
CA06,13
CA07,13
CA08,13
CA09,13
CA10,13
CA11,13
CA12,13
CA13,13
CA14,13
CA15,13
CA16,13
CA17,13
CA18,13
CA19,13
CA20,13
CA21,13
CA22,13
CA23,13
CA24,13
CA25,13
CA26,13
CA27,13
CA28,13
CA29,13
CA30,13
CA31,13
CA32,13
CA33,13
CA34,13
CA35,13
CA36,13
CA37,13
CA38,13
CA39,13
CA40,13
CA41,13
CA42,13
CA43,13
CA44,13
CA45,13
CA46,13
CA47,13
CA48,13
CA49,13
CA50,13
CA51,13
CA52,13
CA53,13
CA54,13
CA55,13
CA56,13
CA57,13
CA58,13
CA59,13
CA60,13
CA61,13
CA62,13
CA63,13
CA64,13
CA65,13
CA66,13
CA67,13
CA68,13
CA69,13
CA70,13
CA71,13
CA72,13
CA73,13
CA74,13
CA75,13
CA76,13
CA77,13
CA78,13
CA79,13
CA80,13
CA81,13
CA82,13
CA83,13
CA84,13
CA85,13
CA86,13
CA87,13
CA88,13
CA89,13
CA90,13
CA91,13
CA92,13
CA93,13
CA94,13
CA95,13
CA96,13
CA97,13
CA98,13
CA99,13
CB00,13
CB01,13
CB02,13
CB03,13
CB04,13
CB10,13
CB11,13
CB12,13
CB13,13
CB14,13
CB15,13
CB20,13
CB21,13
CB22,13
CB23,13
CB24,13
CB25,13
CB30,13
CB31,13
CB32,13
CB33,13
CB34,13
CB35,13
CB40,13
CB41,13
CB42,13
CB43,13
CB44,13
CB45,13
CB50,13
CB51,13
CB52,13
CB53,13
CB54,13
CB55,13
CB60,13
CB61,13
CB62,13
CB63,13
CB64,13
CB65,13
CB66,13
CB70,13
CB71,13
CB72,13
CB73,13
CB74,13
CB75,13
CB76,13
CB80,13
CB81,13
CB82,13
CB83,13
CB84,13
CB85,13
CB86,13
CB90,13
CB91,13
CB92,13
CB93,13
CB94,13
CB95,13
CB96,13
CG08,175
CG09,175
CG17,175
CG18,175
CG26,175
CG28,175
CG44,172
CG46,172
CG55,172
CG75,513
CH00,175
CH01,175
CH02,175
CH09,509
CH11,175
CI00,509
CI01,509
CM79,291
CM86,291
CM87,291
CM88,291
CM89,291
CM93,291
CM94,291
CM95,291
CM96,291
CM97,291
CM98,291
CM99,291
CN69,1
CN70,291
CN71,291
CN72,291
CN73,291
CN74,291
CN75,291
CN76,291
CN77,291
CN79,1
CN80,291
CN81,291
CN82,291
CN83,291
CN84,291
CN85,291
CN86,291
CN87,291
CN89,1
CN90,291
CN91,291
CN92,291
CN93,291
CN94,291
CN95,291
CN96,291
CN97,291
CN99,1
CO08,6
CO17,6
CO25,6
CO26,6
CO27,6
CO32,1
CO33,1
CO35,6
CO39,1
CO41,1
CO42,1
CO43,1
CO47,1
CO48,1
CO49,1
CO50,1
CO51,1
CO52,1
CO53,1
CO54,1
CO56,1
CO57,1
CO58,1
CO59,1
CO60,1
CO61,1
CO62,1
CO63,1
CO64,1
CO65,1
CO66,1
CO67,1
CO68,1
CO69,1
CO70,1
CO71,1
CO72,1
CO73,1
CO74,1
CO75,1
CO76,1
CO77,1
CO78,1
CO79,1
CO80,1
CO81,1
CO82,1
CO83,1
CO84,1
CO85,1
CO86,1
CO87,1
CO88,1
CO89,1
CO90,1
CO91,1
CO92,1
CO93,1
CO94,1
CO95,1
CO96,1
CO97,1
CO98,1
CO99,1
CP01,1
CP02,1
CP03,1
CP04,1
CP05,1
CP06,1
CP07,1
CP08,1
CP09,1
CP10,1
CP11,1
CP12,1
CP13,1
CP14,1
CP15,1
CP16,1
CP17,1
CP18,1
CP19,1
CP20,1
CP21,1
CP22,1
CP23,1
CP24,1
CP25,1
CP26,1
CP27,1
CP28,1
CP29,1
CP30,1
CP31,1
CP32,1
CP33,1
CP34,1
CP35,1
CP36,1
CP37,1
CP38,1
CP39,1
CP40,1
CP41,1
CP42,1
CP43,1
CP44,1
CP45,1
CP46,1
CP47,1
CP48,1
CP49,1
CP50,1
CP51,1
CP52,1
CP53,1
CP54,1
CP55,1
CP56,1
CP57,1
CP58,1
CP59,1
CP60,1
CP61,1
CP62,1
CP63,1
CP64,1
CP65,1
CP66,1
CP67,1
CP68,1
CP69,1
CP70,1
CP71,1
CP72,1
CP73,1
CP74,1
CP75,1
CP76,1
CP77,1
CP78,1
CP79,1
CP80,1
CP81,1
CP82,1
CP83,1
CP84,1
CP85,1
CP86,1
CP87,1
CP88,1
CP89,1
CP90,1
CP91,1
CP92,1
CP93,1
CP94,1
CP95,1
CP96,1
CP97,1
CP98,1
CP99,1
CQ40,1
CQ50,1
CQ60,1
CQ70,1
CQ71,1
CQ72,1
CQ73,1
CQ74,1
CQ81,1
CQ82,1
CQ83,1
CQ84,1
CQ85,1
CQ86,1
CQ91,1
CQ92,1
CQ93,1
CQ94,1
CQ95,1
CQ96,1
CQ97,1
DA00,13
DA01,13
DA02,13
DA03,13
DA04,13
DA05,13
DA06,13
DA07,13
DA08,13
DA09,13
DA10,13
DA11,13
DA12,13
DA13,13
DA14,13
DA15,13
DA16,13
DA17,13
DA18,13
DA19,13
DA20,13
DA21,13
DA22,13
DA23,13
DA24,13
DA25,13
DA26,13
DA27,13
DA28,13
DA29,13
DA30,13
DA31,13
DA32,13
DA33,13
DA34,13
DA35,13
DA36,13
DA37,13
DA38,13
DA39,13
DA40,13
DA41,13
DA42,13
DA43,13
DA44,13
DA45,13
DA46,13
DA47,13
DA48,13
DA49,13
DA50,13
DA51,13
DA52,13
DA53,13
DA54,13
DA55,13
DA56,13
DA57,13
DA58,13
DA59,13
DA60,13
DA61,13
DA62,13
DA63,13
DA64,13
DA65,13
DA66,13
DA67,13
DA68,13
DA69,13
DA70,13
DA71,13
DA72,13
DA73,13
DA74,13
DA75,13
DA76,13
DA77,13
DA78,13
DA79,13
DA80,13
DA81,13
DA82,13
DA83,13
DA84,13
DA85,13
DA86,13
DA87,13
DA88,13
DA89,13
DA90,13
DA91,13
DA92,13
DA93,13
DA94,13
DA95,13
DA96,13
DA97,13
DA98,13
DA99,13
DB00,13
DB01,13
DB02,13
DB03,13
DB04,13
DB05,13
DB06,13
DB10,13
DB11,13
DB12,13
DB13,13
DB14,13
DB15,13
DB16,13
DB20,13
DB21,13
DB22,13
DB23,13
DB24,13
DB25,13
DB26,13
DB30,13
DB31,13
DB32,13
DB33,13
DB34,13
DB35,13
DB36,13
DB40,13
DB41,13
DB42,13
DB43,13
DB44,13
DB45,13
DB50,13
DB51,13
DB52,13
DB53,13
DB54,13
DB60,13
DB61,13
DB62,13
DB63,13
DB64,13
DB70,13
DB71,13
DB72,13
DB73,13
DB74,13
DB76,13
DB77,13
DB80,13
DB81,13
DB82,13
DB83,13
DB84,13
DB86,13
DB87,13
DB88,13
DB90,13
DB91,13
DB92,13
DB93,13
DB94,13
DB95,13
DB96,13
DB97,13
DB98,13
DG52,47
DG53,47
DG73,112
DK28,204
DK38,204
DK39,204
DK48,204
DK49,204
DK50,36
DK78,50
DK79,50
DK87,50
DK88,50
DK89,50
DK96,50
DK97,50
DK98,50
DK99,50
DL08,50
DL09,50
DL24,50
DL26,50
DL27,50
DL28,50
DL29,50
DL34,50
DL35,50
DL36,50
DL37,50
DL38,50
DL39,50
DL42,50
DL43,50
DL44,50
DL45,50
DL46,50
DL47,50
DL48,50
DL49,50
DL52,50
DL53,50
DL54,50
DL55,50
DL56,50
DL57,50
DL58,50
DL59,50
DL61,50
DL62,50
DL63,50
DL64,50
DL65,50
DL66,50
DL67,50
DL68,50
DL69,50
DL70,50
DL71,50
DL72,50
DL73,50
DL74,50
DL75,50
DL76,50
DL77,50
DL78,50
DL80,50
DL81,50
DL82,50
DL83,50
DL84,50
DL85,50
DL86,50
DL87,50
DL90,50
DL91,50
DL92,50
DL93,50
DL94,50
DL95,50
DL96,50
DL97,50
DM02,291
DM03,291
DM04,291
DM05,291
DM06,291
DM07,291
DM08,291
DM09,291
DM10,50
DM11,50
DM13,291
DM14,291
DM15,291
DM16,291
DM17,291
DM18,291
DM19,291
DM20,50
DM21,50
DM23,291
DM24,291
DM25,291
DM26,291
DM27,291
DM28,291
DM29,291
DM30,50
DM33,291
DM34,291
DM35,291
DM36,291
DM37,291
DM38,291
DM39,291
DM40,50
DM42,291
DM43,291
DM44,291
DM45,291
DM46,291
DM47,291
DM48,291
DM49,291
DM50,50
DM52,291
DM53,291
DM54,291
DM55,291
DM56,291
DM57,291
DM58,291
DM59,291
DM60,50
DM62,291
DM63,291
DM64,291
DM65,291
DM66,291
DM67,291
DM68,291
DM69,291
DM72,291
DM73,291
DM74,291
DM75,291
DM76,291
DM77,291
DM78,291
DM79,291
DM80,291
DM81,291
DM82,291
DM83,291
DM84,291
DM85,291
DM86,291
DM87,291
DM88,291
DM89,291
DM90,291
DM91,291
DM92,291
DM93,291
DM94,291
DM95,291
DM96,291
DM97,291
DM98,291
DM99,291
DN00,291
DN01,291
DN02,291
DN03,291
DN04,291
DN05,291
DN06,291
DN07,291
DN09,1
DN10,291
DN11,291
DN12,291
DN13,291
DN14,291
DN15,291
DN16,291
DN17,291
DN19,1
DN20,291
DN21,291
DN22,291
DN23,291
DN24,291
DN25,291
DN26,291
DN27,291
DN29,1
DN30,291
DN31,291
DN32,291
DN33,291
DN34,291
DN35,291
DN36,291
DN37,291
DN39,1
DN40,291
DN41,291
DN42,291
DN43,291
DN44,291
DN45,291
DN46,291
DN47,291
DN49,1
DN50,291
DN51,291
DN52,291
DN53,291
DN54,291
DN55,291
DN56,291
DN57,291
DN59,1
DN60,291
DN61,291
DN62,291
DN63,291
DN64,291
DN65,291
DN66,291
DN67,291
DN69,1
DN70,291
DN71,291
DN72,291
DN73,291
DN74,291
DN75,291
DN76,291
DN77,291
DN79,1
DN80,291
DN81,291
DN82,291
DN83,291
DN84,291
DN85,291
DN86,291
DN87,291
DN89,1
DN90,291
DN91,291
DN92,291
DN93,291
DN94,291
DN95,291
DN96,291
DN97,291
DN99,1
DO00,1
DO01,1
DO02,1
DO03,1
DO04,1
DO05,1
DO06,1
DO07,1
DO08,1
DO09,1
DO10,1
DO11,1
DO12,1
DO13,1
DO14,1
DO15,1
DO16,1
DO17,1
DO18,1
DO19,1
DO20,1
DO21,1
DO22,1
DO23,1
DO24,1
DO25,1
DO26,1
DO27,1
DO28,1
DO29,1
DO30,1
DO31,1
DO32,1
DO33,1
DO34,1
DO35,1
DO36,1
DO37,1
DO38,1
DO39,1
DO40,1
DO41,1
DO42,1
DO43,1
DO44,1
DO45,1
DO46,1
DO47,1
DO48,1
DO49,1
DO50,1
DO51,1
DO52,1
DO53,1
DO54,1
DO55,1
DO56,1
DO57,1
DO58,1
DO59,1
DO60,1
DO61,1
DO62,1
DO63,1
DO64,1
DO65,1
DO66,1
DO67,1
DO68,1
DO69,1
DO70,1
DO71,1
DO72,1
DO73,1
DO74,1
DO75,1
DO76,1
DO77,1
DO78,1
DO79,1
DO80,1
DO81,1
DO82,1
DO83,1
DO84,1
DO85,1
DO86,1
DO87,1
DO88,1
DO89,1
DO90,1
DO91,1
DO92,1
DO93,1
DO94,1
DO95,1
DO96,1
DO97,1
DO98,1
DO99,1
DP00,1
DP01,1
DP02,1
DP03,1
DP04,1
DP05,1
DP06,1
DP07,1
DP08,1
DP09,1
DP10,1
DP11,1
DP12,1
DP13,1
DP14,1
DP15,1
DP16,1
DP17,1
DP18,1
DP19,1
DP20,1
DP21,1
DP22,1
DP23,1
DP24,1
DP25,1
DP26,1
DP27,1
DP28,1
DP29,1
DP30,1
DP31,1
DP32,1
DP33,1
DP34,1
DP35,1
DP36,1
DP37,1
DP38,1
DP39,1
DP40,1
DP41,1
DP42,1
DP43,1
DP44,1
DP45,1
DP46,1
DP47,1
DP48,1
DP49,1
DP50,1
DP51,1
DP52,1
DP53,1
DP54,1
DP55,1
DP56,1
DP57,1
DP58,1
DP59,1
DP60,1
DP61,1
DP62,1
DP63,1
DP64,1
DP65,1
DP66,1
DP67,1
DP68,1
DP69,1
DP70,1
DP71,1
DP72,1
DP73,1
DP74,1
DP75,1
DP76,1
DP77,1
DP78,1
DP79,1
DP80,1
DP81,1
DP82,1
DP83,1
DP84,1
DP85,1
DP86,1
DP87,1
DP88,1
DP89,1
DP90,1
DP91,1
DP92,1
DP93,1
DP94,1
DP95,1
DP96,1
DP97,1
DP98,1
DP99,1
DQ00,1
DQ01,1
DQ02,1
DQ03,1
DQ04,1
DQ05,1
DQ06,1
DQ07,1
DQ10,1
DQ11,1
DQ12,1
DQ13,1
DQ14,1
DQ15,1
DQ16,1
DQ17,1
DQ20,1
DQ21,1
DQ22,1
DQ23,1
DQ24,1
DQ25,1
DQ26,1
DQ27,1
DQ28,1
DQ30,1
DQ31,1
DQ32,1
DQ33,1
DQ34,1
DQ35,1
DQ36,1
DQ37,1
DQ38,1
DQ40,1
DQ41,1
DQ42,1
DQ43,1
DQ44,1
DQ45,1
DQ46,1
DQ47,1
DQ48,1
DQ50,1
DQ51,1
DQ52,1
DQ53,1
DQ54,1
DQ55,1
DQ56,1
DQ57,1
DQ58,1
DQ60,1
DQ61,1
DQ62,1
DQ63,1
DQ64,1
DQ65,1
DQ66,1
DQ67,1
DQ70,1
DQ71,1
DQ72,1
DQ73,1
DQ75,1
DQ76,1
DQ77,1
DQ78,1
DQ79,1
DQ80,1
DQ82,1
DQ83,1
DQ85,1
DQ86,1
DQ87,1
DQ88,1
DQ89,1
DQ90,1
DQ91,1
DQ92,1
DQ93,1
DQ94,1
DQ95,1
DQ96,1
DQ97,1
DQ98,1
DQ99,1
DR90,1
EA00,13
EA01,13
EA02,13
EA03,13
EA04,13
EA05,13
EA06,13
EA07,13
EA08,13
EA09,13
EA10,13
EA11,13
EA12,13
EA13,13
EA14,13
EA15,13
EA16,13
EA17,13
EA18,13
EA19,13
EA20,13
EA21,13
EA22,13
EA23,13
EA24,13
EA25,13
EA26,13
EA27,13
EA28,13
EA29,13
EA30,13
EA31,13
EA32,13
EA33,13
EA34,13
EA35,13
EA36,13
EA37,13
EA38,13
EA39,13
EA40,13
EA41,13
EA42,13
EA43,13
EA44,13
EA45,13
EA46,13
EA47,13
EA48,13
EA49,13
EA50,13
EA51,13
EA52,13
EA53,13
EA54,13
EA55,13
EA56,13
EA57,13
EA58,13
EA59,13
EA60,13
EA61,13
EA62,13
EA63,13
EA64,13
EA65,13
EA66,13
EA67,13
EA68,13
EA69,13
EA70,13
EA71,13
EA72,13
EA73,13
EA74,13
EA75,13
EA76,13
EA77,13
EA78,13
EA79,13
EA80,13
EA81,13
EA82,13
EA83,13
EA84,13
EA85,13
EA86,13
EA87,13
EA88,13
EA89,13
EA90,13
EA91,13
EA92,13
EA93,13
EA94,13
EA95,13
EA96,13
EA97,13
EA98,13
EA99,13
EB00,13
EB01,13
EB02,13
EB03,13
EB04,13
EB05,13
EB06,13
EB07,13
EB08,13
EB10,13
EB11,13
EB12,13
EB13,13
EB14,13
EB15,13
EB16,13
EB17,13
EB18,13
EB20,13
EB21,13
EB22,13
EB23,13
EB24,13
EB25,13
EB26,13
EB27,13
EB30,13
EB31,13
EB32,13
EB33,13
EB34,13
EB35,13
EB36,13
EB37,13
EB40,13
EB41,13
EB42,13
EB43,13
EB44,13
EB45,13
EB46,13
EB47,13
EB50,13
EB51,13
EB52,13
EB53,13
EB54,13
EB55,13
EB56,13
EB57,13
EB60,13
EB61,13
EB62,13
EB63,13
EB64,13
EB65,13
EB66,13
EB70,13
EB71,13
EB72,13
EB73,13
EB74,13
EB75,13
EB76,13
EB80,13
EB81,13
EB82,13
EB83,13
EB84,13
EB85,13
EB86,13
EB90,13
EB91,13
EB92,13
EB93,13
EB94,13
EB95,13
EB96,13
EB97,13
EF95,125
EF96,125
EG93,217
EI38,71
EI39,71
EI47,71
EI48,71
EI49,71
EI57,71
EI58,71
EI59,71
EI93,136
EI94,136
EI97,120
EI98,120
EI99,120
EJ30,71
EJ31,71
EJ32,71
EJ40,71
EJ41,71
EJ42,71
EJ50,71
EJ51,71
EJ65,37
EJ79,308
EJ90,120
EJ93,161
EJ94,161
EJ97,88
EJ98,88
EJ99,88
EK06,50
EK07,50
EK08,50
EK09,50
EK15,50
EK16,50
EK17,50
EK18,50
EK19,50
EK25,50
EK26,50
EK27,50
EK28,50
EK29,50
EK36,50
EK37,50
EK38,50
EK44,76
EK48,50
EK49,50
EK59,50
EK61,86
EK65,80
EK66,80
EK67,66
EK69,50
EK72,86
EK75,80
EK76,80
EK81,86
EK83,86
EK87,80
EK91,216
EK92,216
EK93,216
EK94,216
EK95,216
EK99,69
EL00,50
EL01,50
EL02,50
EL03,50
EL04,50
EL05,50
EL09,291
EL10,50
EL11,50
EL12,50
EL13,50
EL14,50
EL17,291
EL18,291
EL19,291
EL28,291
EL29,291
EL39,291
EL40,50
EL41,50
EL49,291
EL50,50
EL51,50
EL52,50
EL58,291
EL59,291
EL60,50
EL61,50
EL71,70
EL72,70
EL79,291
EL81,70
EL82,70
EL83,70
EL84,291
EL86,291
EL87,291
EL88,291
EL89,291
EL91,70
EL92,70
EL93,70
EL94,291
EL95,291
EL96,291
EL97,291
EL98,291
EL99,291
EM00,291
EM01,291
EM02,291
EM03,291
EM04,291
EM05,291
EM06,291
EM07,291
EM08,291
EM09,291
EM10,291
EM11,291
EM12,291
EM13,291
EM14,291
EM15,291
EM16,291
EM17,291
EM18,291
EM19,291
EM20,291
EM21,291
EM22,291
EM23,291
EM24,291
EM25,291
EM26,291
EM27,291
EM28,291
EM29,291
EM30,291
EM31,291
EM32,291
EM33,291
EM34,291
EM35,291
EM36,291
EM37,291
EM38,291
EM39,291
EM40,291
EM41,291
EM42,291
EM43,291
EM44,291
EM45,291
EM46,291
EM47,291
EM48,291
EM49,291
EM50,291
EM51,291
EM52,291
EM53,291
EM54,291
EM55,291
EM56,291
EM57,291
EM58,291
EM59,291
EM60,291
EM61,291
EM62,291
EM63,291
EM64,291
EM65,291
EM66,291
EM67,291
EM68,291
EM69,291
EM70,291
EM71,291
EM72,291
EM73,291
EM74,291
EM75,291
EM76,291
EM77,291
EM78,291
EM79,291
EM80,291
EM81,291
EM82,291
EM83,291
EM84,291
EM85,291
EM86,291
EM87,291
EM88,291
EM89,291
EM90,291
EM91,291
EM92,291
EM93,291
EM94,291
EM95,291
EM96,291
EM97,291
EM98,291
EM99,291
EN00,291
EN01,291
EN02,291
EN03,291
EN04,291
EN05,291
EN06,291
EN07,291
EN09,1
EN10,291
EN11,291
EN12,291
EN13,291
EN14,291
EN15,291
EN16,291
EN17,291
EN19,1
EN20,291
EN21,291
EN22,291
EN23,291
EN24,291
EN25,291
EN26,291
EN27,291
EN30,291
EN31,291
EN32,291
EN33,291
EN34,291
EN35,291
EN36,291
EN37,291
EN39,1
EN40,291
EN41,291
EN42,291
EN43,291
EN44,291
EN45,291
EN46,291
EN47,291
EN49,1
EN50,291
EN51,291
EN52,291
EN53,291
EN54,291
EN55,291
EN56,291
EN59,1
EN60,291
EN61,291
EN62,291
EN63,291
EN64,291
EN65,291
EN66,291
EN69,1
EN70,291
EN71,291
EN72,291
EN73,291
EN74,291
EN75,291
EN78,1
EN79,1
EN80,291
EN87,1
EN88,1
EN89,1
EN90,291
EN93,1
EN94,1
EN95,1
EN96,1
EN97,1
EN98,1
EN99,1
EO00,1
EO01,1
EO02,1
EO03,1
EO04,1
EO05,1
EO06,1
EO07,1
EO08,1
EO09,1
EO10,1
EO11,1
EO12,1
EO13,1
EO14,1
EO15,1
EO16,1
EO17,1
EO18,1
EO19,1
EO20,1
EO21,1
EO22,1
EO23,1
EO24,1
EO25,1
EO26,1
EO27,1
EO28,1
EO29,1
EO30,1
EO31,1
EO32,1
EO33,1
EO34,1
EO35,1
EO36,1
EO37,1
EO38,1
EO40,1
EO41,1
EO42,1
EO43,1
EO44,1
EO45,1
EO46,1
EO47,1
EO50,1
EO51,1
EO52,1
EO53,1
EO54,1
EO55,1
EO56,1
EO57,1
EO60,1
EO61,1
EO62,1
EO63,1
EO64,1
EO65,1
EO66,1
EO70,1
EO71,1
EO72,1
EO73,1
EO74,1
EO75,1
EO80,1
EO81,1
EO82,1
EO83,1
EO84,1
EO85,1
EO90,1
EO91,1
EO92,1
EO93,1
EO94,1
EO95,1
EO96,1
EO99,1
EP00,1
EP01,1
EP02,1
EP03,1
EP04,1
EP05,1
EP06,1
EP07,1
EP08,1
EP09,1
EP10,1
EP11,1
EP12,1
EP13,1
EP14,1
EP15,1
EP16,1
EP17,1
EP18,1
EP19,1
EP20,1
EP21,1
EP22,1
EP23,1
EP24,1
EP25,1
EP26,1
EP27,1
EP28,1
EP29,1
EP31,1
EP32,1
EP33,1
EP34,1
EP35,1
EP36,1
EP37,1
EP38,1
EP39,1
EP42,1
EP43,1
EP44,1
EP45,1
EP46,1
EP47,1
EP48,1
EP49,1
EP53,1
EP54,1
EP55,1
EP56,1
EP57,1
EP58,1
EP59,1
EP63,1
EP64,1
EP65,1
EP66,1
EP67,1
EP68,1
EP69,1
EP73,1
EP74,1
EP75,1
EP76,1
EP77,1
EP78,1
EP79,1
EP82,1
EP83,1
EP84,1
EP85,1
EP86,1
EP87,1
EP88,1
EP89,1
EP91,1
EP92,1
EP93,1
EP94,1
EP96,1
EP97,1
EP98,1
EP99,1
EQ01,1
EQ02,1
EQ03,1
EQ04,1
EQ05,1
EQ06,1
EQ07,1
EQ08,1
EQ09,1
EQ10,1
EQ11,1
EQ12,1
EQ13,1
EQ14,1
EQ15,1
EQ16,1
EQ17,1
EQ18,1
EQ19,1
EQ20,1
EQ21,1
EQ22,1
EQ23,1
EQ24,1
EQ25,1
EQ26,1
EQ27,1
EQ28,1
EQ29,1
EQ30,1
EQ31,1
EQ32,1
EQ33,1
EQ34,1
EQ35,1
EQ36,1
EQ37,1
EQ38,1
EQ39,1
EQ40,1
EQ41,1
EQ42,1
EQ43,1
EQ44,1
EQ45,1
EQ46,1
EQ47,1
EQ48,1
EQ49,1
EQ50,1
EQ51,1
EQ52,1
EQ53,1
EQ54,1
EQ55,1
EQ56,1
EQ57,1
EQ58,1
EQ59,1
EQ60,1
EQ61,1
EQ62,1
EQ63,1
EQ64,1
EQ65,1
EQ66,1
EQ67,1
EQ68,1
EQ69,1
EQ70,1
EQ71,1
EQ72,1
EQ73,1
EQ74,1
EQ75,1
EQ76,1
EQ77,1
EQ78,1
EQ79,1
EQ80,1
EQ81,1
EQ82,1
EQ83,1
EQ84,1
EQ85,1
EQ86,1
EQ87,1
EQ88,1
EQ89,1
EQ90,1
EQ91,1
EQ92,1
EQ93,1
EQ94,1
EQ95,1
EQ96,1
EQ97,1
EQ98,1
EQ99,1
ER00,1
ER10,1
ER20,1
ER21,1
ER30,1
ER31,1
ER40,1
ER41,1
ER50,1
ER51,1
ER52,1
ER60,1
ER61,1
ER62,1
ER70,1
ER71,1
ER72,1
ER80,1
ER81,1
ER82,1
ER90,1
ER91,1
ER92,1
FA00,13
FA01,13
FA02,13
FA03,13
FA04,13
FA05,13
FA06,13
FA07,13
FA08,13
FA09,13
FA10,13
FA11,13
FA12,13
FA13,13
FA14,13
FA15,13
FA16,13
FA17,13
FA18,13
FA19,13
FA20,13
FA21,13
FA22,13
FA23,13
FA24,13
FA25,13
FA26,13
FA27,13
FA28,13
FA29,13
FA30,13
FA31,13
FA32,13
FA33,13
FA34,13
FA35,13
FA36,13
FA37,13
FA38,13
FA39,13
FA40,13
FA41,13
FA42,13
FA43,13
FA44,13
FA45,13
FA46,13
FA47,13
FA48,13
FA49,13
FA50,13
FA51,13
FA52,13
FA53,13
FA54,13
FA55,13
FA56,13
FA57,13
FA58,13
FA59,13
FA60,13
FA61,13
FA62,13
FA63,13
FA64,13
FA65,13
FA66,13
FA67,13
FA68,13
FA69,13
FA70,13
FA71,13
FA72,13
FA73,13
FA74,13
FA75,13
FA76,13
FA77,13
FA78,13
FA79,13
FA80,13
FA81,13
FA82,13
FA83,13
FA84,13
FA85,13
FA86,13
FA87,13
FA88,13
FA89,13
FA90,13
FA91,13
FA92,13
FA93,13
FA94,13
FA95,13
FA96,13
FA97,13
FA99,13
FB00,13
FB01,13
FB02,13
FB03,13
FB04,13
FB05,13
FB06,13
FB07,13
FB10,13
FB11,13
FB12,13
FB13,13
FB14,13
FB15,13
FB16,13
FB18,13
FB19,13
FB20,13
FB21,13
FB22,13
FB23,13
FB24,13
FB25,13
FB26,13
FB27,13
FB28,13
FB29,13
FB31,13
FB32,13
FB33,13
FB34,13
FB35,13
FB36,13
FB37,13
FB38,13
FB39,13
FB40,13
FB41,13
FB43,13
FB44,13
FB45,13
FB46,13
FB47,13
FB48,13
FB49,13
FB50,13
FB51,13
FB53,13
FB54,13
FB55,13
FB56,13
FB57,13
FB58,13
FB59,13
FB60,13
FB61,13
FB63,13
FB64,13
FB65,13
FB66,13
FB67,13
FB68,13
FB69,13
FB70,13
FB74,13
FB75,13
FB76,13
FB77,13
FB78,13
FB79,13
FB84,13
FB85,13
FB86,13
FB87,13
FB88,13
FB89,13
FB90,13
FB95,13
FB96,13
FB97,13
FB98,13
FB99,13
FC20,13
FC30,13
FC31,13
FC40,13
FC41,13
FC50,13
FC52,13
FC53,13
FC60,13
FC61,13
FC62,13
FC63,13
FC64,13
FC70,13
FC71,13
FC72,13
FC73,13
FC74,13
FC75,13
FC80,13
FC81,13
FC83,13
FC84,13
FC85,13
FC86,241
FC87,241
FC90,13
FC91,13
FC93,13
FC94,13
FC95,13
FC97,241
FC98,241
FD26,112
FD27,112
FD28,112
FD29,112
FD35,112
FD36,112
FD37,112
FD44,112
FD45,112
FD46,112
FD49,100
FD54,112
FD58,100
FD59,100
FD66,100
FD69,100
FD75,100
FD85,100
FD97,141
FD98,141
FE20,112
FE21,112
FE22,112
FE23,112
FE24,112
FE25,112
FE26,112
FE27,112
FE28,112
FE33,112
FE34,112
FE38,112
FE39,112
FE40,100
FE41,100
FE50,100
FE51,100
FE52,100
FE53,100
FE54,100
FE55,100
FE56,100
FE57,100
FE58,100
FE59,100
FE60,100
FE61,100
FE62,100
FE63,100
FE64,100
FE65,100
FE66,100
FE67,100
FE68,100
FE69,100
FE71,100
FE72,100
FE74,100
FE75,100
FE76,100
FE77,100
FE78,100
FE79,100
FE87,100
FE88,100
FE89,100
FF06,125
FF30,112
FF31,112
FF32,112
FF33,112
FF34,112
FF35,112
FF50,100
FF51,100
FF52,100
FF53,100
FF54,100
FF57,100
FF58,100
FF60,100
FF61,100
FF62,100
FF63,100
FF64,100
FF65,100
FF66,100
FF67,100
FF68,100
FF69,100
FF70,100
FF71,100
FF72,100
FF73,100
FF74,100
FF75,100
FF76,100
FF77,100
FF78,100
FF79,100
FF80,100
FF81,100
FF82,100
FF83,100
FF84,100
FF85,100
FF86,100
FF87,100
FF88,100
FF89,100
FF90,100
FF91,100
FF92,100
FF93,100
FF94,100
FF95,100
FF96,100
FF97,100
FF98,100
FF99,100
FG03,217
FG41,112
FG42,112
FG43,112
FG44,112
FG45,112
FG46,112
FG47,112
FG48,112
FG49,112
FG56,112
FG60,100
FG61,100
FG62,100
FG63,100
FG64,100
FG69,104
FG70,100
FG71,100
FG72,100
FG73,100
FG74,100
FG75,100
FG76,100
FG79,104
FG80,100
FG81,100
FG82,100
FG83,100
FG84,100
FG85,100
FG86,100
FG90,100
FG91,100
FG92,100
FG93,100
FG94,100
FG98,132
FH09,136
FH15,136
FH16,136
FH17,136
FH18,136
FH19,136
FH23,136
FH24,136
FH25,136
FH26,136
FH27,136
FH28,136
FH29,136
FH32,136
FH33,136
FH34,136
FH35,136
FH36,136
FH37,136
FH38,136
FH40,112
FH42,136
FH43,136
FH44,136
FH45,136
FH46,136
FH47,136
FH60,104
FH61,104
FH62,104
FH63,104
FH64,104
FH65,104
FH66,104
FH67,104
FH68,104
FH70,104
FH71,104
FH72,104
FH73,104
FH74,104
FH75,104
FH76,104
FH80,104
FH81,104
FH82,104
FH83,104
FH84,104
FH85,104
FH88,108
FH89,108
FH91,104
FH92,104
FH97,108
FH98,108
FH99,108
FI00,136
FI01,136
FI02,136
FI03,136
FI07,120
FI08,120
FI09,120
FI10,136
FI11,136
FI12,136
FI13,136
FI14,136
FI15,136
FI18,120
FI19,120
FI20,136
FI21,136
FI23,136
FI24,136
FI25,136
FI26,136
FI36,136
FI39,116
FI41,108
FI42,108
FI43,108
FI44,108
FI48,116
FI50,108
FI51,108
FI52,108
FI53,108
FI54,108
FI61,108
FI62,108
FI63,108
FI64,108
FI65,108
FI66,108
FI67,108
FI68,108
FI69,108
FI71,108
FI72,108
FI73,108
FI74,108
FI75,108
FI76,108
FI77,108
FI78,108
FI79,108
FI80,108
FI81,108
FI82,108
FI83,108
FI84,108
FI85,108
FI86,108
FI87,108
FI88,108
FI89,108
FI90,108
FI91,108
FI92,108
FI93,108
FI94,108
FI95,108
FI96,108
FI97,108
FI98,108
FI99,108
FJ02,116
FJ03,116
FJ07,88
FJ08,88
FJ09,88
FJ11,116
FJ12,116
FJ13,116
FJ14,116
FJ15,116
FJ16,116
FJ21,116
FJ22,116
FJ23,116
FJ24,116
FJ25,116
FJ26,116
FJ27,116
FJ28,116
FJ29,116
FJ30,116
FJ31,116
FJ32,116
FJ33,116
FJ34,116
FJ35,116
FJ36,116
FJ41,116
FJ42,116
FJ43,116
FJ44,116
FJ45,116
FJ48,148
FJ49,148
FJ53,116
FJ54,116
FJ55,116
FJ57,148
FJ58,148
FJ59,148
FJ67,148
FJ68,148
FJ69,148
FJ75,148
FJ76,148
FJ77,148
FJ78,148
FJ79,148
FJ80,108
FJ85,148
FJ86,148
FJ87,148
FJ88,148
FJ89,148
FJ90,108
FJ91,108
FJ93,108
FJ99,148
FK03,216
FK04,216
FK05,216
FK06,216
FK08,82
FK09,69
FK17,82
FK18,82
FK19,70
FK20,116
FK21,116
FK32,116
FK39,78
FK40,148
FK47,72
FK50,148
FK58,72
FK59,72
FK60,148
FK61,148
FK67,202
FK70,148
FK71,148
FK80,148
FK81,148
FK85,17
FK91,90
FK97,94
FL00,70
FL01,70
FL02,70
FL03,60
FL04,60
FL05,60
FL06,60
FL10,70
FL11,70
FL12,70
FL13,60
FL14,60
FL15,60
FL16,60
FL20,70
FL21,70
FL22,60
FL23,60
FL24,60
FL32,60
FL33,60
FL41,89
FM02,291
FM03,291
FM04,291
FM05,291
FM06,291
FM07,291
FM08,291
FM09,291
FM13,291
FM14,291
FM15,291
FM16,291
FM17,291
FM18,291
FM19,291
FM25,291
FM26,291
FM27,291
FM28,291
FM29,291
FM72,64
FN00,291
FN01,291
FN04,1
FN05,1
FN06,1
FN07,1
FN08,1
FN09,1
FN10,291
FN11,291
FN12,291
FN15,1
FN16,1
FN17,1
FN18,1
FN19,1
FN20,291
FN21,291
FN22,291
FN23,291
FN26,1
FN27,1
FN28,1
FN29,1
FN31,291
FN32,291
FN33,291
FN34,291
FN36,1
FN37,1
FN38,1
FN39,1
FN41,291
FN42,291
FN43,291
FN44,291
FN47,1
FN48,1
FN49,1
FN51,291
FN53,291
FN54,291
FN55,291
FN58,1
FN59,1
FN63,1
FN68,1
FN69,1
FN73,1
FN74,1
FN75,1
FN76,1
FN77,1
FN78,1
FN79,1
FN84,1
FN85,1
FN86,1
FN87,1
FN89,1
FN93,211
FN95,1
FN96,1
FN99,1
FO00,1
FO01,1
FO02,1
FO03,1
FO04,1
FO05,1
FO06,1
FO07,1
FO08,1
FO09,1
FO10,1
FO11,1
FO12,1
FO13,1
FO14,1
FO15,1
FO16,1
FO17,1
FO18,1
FO19,1
FO20,1
FO21,1
FO22,1
FO23,1
FO24,1
FO25,1
FO26,1
FO27,1
FO28,1
FO29,1
FO30,1
FO31,1
FO32,1
FO33,1
FO34,1
FO35,1
FO36,1
FO37,1
FO38,1
FO39,1
FO40,1
FO41,1
FO42,1
FO43,1
FO44,1
FO45,1
FO46,1
FO47,1
FO48,1
FO49,1
FO50,1
FO51,1
FO52,1
FO53,1
FO54,1
FO55,1
FO56,1
FO57,1
FO58,1
FO59,1
FO60,1
FO61,1
FO62,1
FO63,1
FO64,1
FO65,1
FO66,1
FO67,1
FO68,1
FO70,1
FO71,1
FO72,1
FO73,1
FO74,1
FO75,1
FO76,1
FO77,1
FO78,1
FO79,1
FO80,1
FO81,1
FO82,1
FO83,1
FO84,1
FO85,1
FO86,1
FO87,1
FO88,1
FO89,1
FO90,1
FO91,1
FO92,1
FO93,1
FO94,1
FO95,1
FO96,1
FO97,1
FP00,1
FP01,1
FP02,1
FP03,1
FP04,1
FP05,1
FP08,1
FP09,1
FP10,1
FP11,1
FP12,1
FP13,1
FP14,1
FP15,1
FP17,1
FP18,1
FP19,1
FP20,1
FP21,1
FP22,1
FP24,1
FP25,1
FP26,1
FP27,1
FP28,1
FP29,1
FP30,1
FP31,1
FP32,1
FP33,1
FP34,1
FP35,1
FP36,1
FP37,1
FP38,1
FP39,1
FP40,1
FP41,1
FP42,1
FP43,1
FP44,1
FP45,1
FP46,1
FP47,1
FP48,1
FP49,1
FP50,1
FP51,1
FP52,1
FP53,1
FP54,1
FP55,1
FP56,1
FP57,1
FP58,1
FP59,1
FP60,1
FP61,1
FP62,1
FP63,1
FP64,1
FP65,1
FP66,1
FP67,1
FP68,1
FP69,1
FP70,1
FP71,1
FP72,1
FP73,1
FP74,1
FP75,1
FP76,1
FP77,1
FP78,1
FP84,1
FP85,1
FP86,1
FP87,1
FP96,1
FQ00,1
FQ01,1
FQ02,1
FQ03,1
FQ04,1
FQ05,1
FQ06,1
FQ07,1
FQ08,1
FQ09,1
FQ10,1
FQ11,1
FQ12,1
FQ13,1
FQ16,1
FQ17,1
FQ18,1
FQ19,1
FQ20,1
FQ21,1
FQ22,1
FQ27,1
FQ28,1
FQ29,1
FQ30,1
FQ31,1
FQ37,237
FQ38,237
FQ39,1
FQ40,1
FQ41,1
FQ46,237
FQ47,237
FQ48,237
FQ49,1
FQ50,1
FQ56,237
FQ57,237
FQ58,237
FQ59,237
FQ60,1
FQ65,237
FQ66,237
FQ67,237
FQ68,237
FQ69,237
FQ76,237
FQ77,237
FQ78,237
FQ79,237
FQ86,237
FQ87,237
FQ88,237
FQ89,237
FQ95,237
FQ96,237
FQ97,237
FQ98,237
FQ99,237
FR00,1
FR01,1
FR02,1
FR10,1
FR11,1
FR12,1
FR13,1
FR20,1
FR21,1
FR22,1
FR23,1
FR30,1
FR31,1
FR32,1
FR33,1
FR40,1
FR41,1
FR42,1
FR43,1
FR50,1
FR51,1
FR52,1
FR53,1
FR61,1
FR62,1
FR70,237
FR72,1
FR80,237
FR82,1
FR90,237
FR91,237
FR92,1
GA00,13
GA01,13
GA02,13
GA03,13
GA04,13
GA05,13
GA06,13
GA09,13
GA10,13
GA11,13
GA12,13
GA13,13
GA14,13
GA15,13
GA16,13
GA17,13
GA20,13
GA21,13
GA22,13
GA23,13
GA24,13
GA25,13
GA26,13
GA27,13
GA29,13
GA30,13
GA31,13
GA32,13
GA33,13
GA34,13
GA35,13
GA36,13
GA37,13
GA39,13
GA40,13
GA41,13
GA42,13
GA43,13
GA44,13
GA45,13
GA46,13
GA47,13
GA48,13
GA49,13
GA50,13
GA51,13
GA52,13
GA53,13
GA54,13
GA55,13
GA56,13
GA57,13
GA58,13
GA59,13
GA60,13
GA61,13
GA62,13
GA63,13
GA64,13
GA65,13
GA66,13
GA67,13
GA68,13
GA69,13
GA70,13
GA71,13
GA72,13
GA73,13
GA74,13
GA75,13
GA76,13
GA77,13
GA79,13
GA80,13
GA81,13
GA82,13
GA83,13
GA84,13
GA85,13
GA86,13
GA87,13
GA88,13
GA89,13
GA90,13
GA91,13
GA92,13
GA93,13
GA94,13
GA95,13
GA96,13
GA97,13
GA98,13
GB00,13
GB06,13
GB07,13
GB40,13
GB41,13
GB50,13
GB51,13
GB52,13
GB60,13
GB61,13
GB62,13
GB70,13
GB71,13
GB72,13
GB80,13
GB81,13
GC04,13
GC05,13
GC07,241
GC08,241
GC15,13
GC16,13
GC18,241
GC26,13
GC28,13
GC69,238
GC79,238
GD07,141
GD08,141
GD18,141
GF01,100
GF02,100
GF03,100
GF04,100
GF09,100
GF11,100
GF12,100
GF13,100
GF14,100
GF16,144
GF17,144
GF25,144
GF26,144
GF27,144
GF35,144
GF39,108
GF47,108
GF48,108
GF49,108
GG00,100
GG01,100
GG06,132
GG07,132
GG08,132
GG15,132
GG16,132
GG20,108
GG28,108
GG29,108
GG30,108
GG31,108
GG35,108
GG36,108
GG37,108
GG38,108
GG39,108
GG40,108
GG41,108
GG42,108
GG43,108
GG44,108
GG45,108
GG46,108
GG47,108
GG48,108
GG49,108
GG50,108
GG51,108
GG52,108
GG53,108
GG54,108
GG55,108
GG56,108
GG57,108
GG58,108
GG59,108
GG64,108
GG65,108
GG66,108
GG67,108
GG68,108
GG69,108
GG76,108
GG77,108
GG78,108
GG79,108
GG86,108
GG87,108
GG88,108
GG89,108
GG97,108
GG98,108
GG99,108
GH01,104
GH04,108
GH05,108
GH06,108
GH07,108
GH08,108
GH09,108
GH13,108
GH14,108
GH15,108
GH16,108
GH17,108
GH18,108
GH19,108
GH20,108
GH21,108
GH22,108
GH23,108
GH24,108
GH25,108
GH26,108
GH27,108
GH28,108
GH29,108
GH30,108
GH31,108
GH32,108
GH33,108
GH34,108
GH35,108
GH36,108
GH37,108
GH38,108
GH39,108
GH40,108
GH41,108
GH42,108
GH43,108
GH44,108
GH45,108
GH46,108
GH47,108
GH48,108
GH49,108
GH50,108
GH51,108
GH52,108
GH53,108
GH54,108
GH55,108
GH56,108
GH57,108
GH58,108
GH59,108
GH60,108
GH61,108
GH62,108
GH63,108
GH64,108
GH65,108
GH66,108
GH67,108
GH68,108
GH69,108
GH70,108
GH71,108
GH72,108
GH73,108
GH74,108
GH75,108
GH76,108
GH77,108
GH78,108
GH79,108
GH80,108
GH81,108
GH82,108
GH83,108
GH84,108
GH85,108
GH86,108
GH87,108
GH88,108
GH89,108
GH90,108
GH91,108
GH92,108
GH93,108
GH94,108
GH95,108
GH96,108
GH97,108
GH98,108
GH99,108
GI00,108
GI01,108
GI02,108
GI03,108
GI04,108
GI05,108
GI06,108
GI07,108
GI08,108
GI09,108
GI10,108
GI11,108
GI12,108
GI13,108
GI14,108
GI15,108
GI16,108
GI17,108
GI18,108
GI19,108
GI20,108
GI21,108
GI22,108
GI23,108
GI24,108
GI25,108
GI26,108
GI27,108
GI28,108
GI29,108
GI30,108
GI31,108
GI32,108
GI33,108
GI34,108
GI35,108
GI36,108
GI37,108
GI38,108
GI39,108
GI40,108
GI41,108
GI42,108
GI43,108
GI44,108
GI45,108
GI46,108
GI47,108
GI48,108
GI49,108
GI50,108
GI51,108
GI52,108
GI53,108
GI54,108
GI55,108
GI56,108
GI57,108
GI58,108
GI59,108
GI60,108
GI61,108
GI62,108
GI63,108
GI64,108
GI65,108
GI66,108
GI67,108
GI68,108
GI69,108
GI70,108
GI71,108
GI72,108
GI73,108
GI74,108
GI75,108
GI76,108
GI77,108
GI78,108
GI80,108
GI81,108
GI82,108
GI83,108
GI84,108
GI85,108
GI86,108
GI87,108
GI90,108
GI91,108
GI92,108
GI93,108
GI94,108
GI95,108
GI96,108
GI97,108
GJ00,108
GJ06,129
GJ07,129
GJ10,108
GJ20,108
GJ30,108
GJ31,108
GJ34,63
GJ40,108
GJ41,108
GJ42,108
GJ50,108
GJ51,108
GK03,62
GN03,211
GN04,211
GN05,1
GN06,1
GN07,1
GN08,1
GN09,1
GN16,277
GN18,1
GN19,1
GN26,1
GN27,1
GN28,1
GN29,1
GN36,1
GN37,1
GN38,1
GN39,1
GO00,1
GO01,1
GO02,1
GO03,1
GO04,1
GO05,1
GO10,1
GO11,1
GO12,1
GO13,1
GO14,1
GO20,1
GO21,1
GO22,1
GO23,1
GO79,237
GO89,237
GP29,237
GP34,237
GP35,237
GP36,237
GP37,237
GP38,237
GP39,237
GP42,237
GP43,237
GP44,237
GP45,237
GP46,237
GP47,237
GP48,237
GP49,237
GP50,237
GP51,237
GP52,237
GP53,237
GP54,237
GP55,237
GP56,237
GP57,237
GP58,237
GP59,237
GP60,237
GP61,237
GP62,237
GP63,237
GP64,237
GP65,237
GP66,237
GP67,237
GP68,237
GP69,237
GP70,237
GP71,237
GP72,237
GP73,237
GP74,237
GP75,237
GP76,237
GP77,237
GP78,237
GP79,237
GP80,237
GP81,237
GP82,237
GP83,237
GP84,237
GP85,237
GP86,237
GP87,237
GP88,237
GP89,237
GP92,237
GP93,237
GP94,237
GP95,237
GP96,237
GP97,237
GP98,237
GP99,237
GQ05,237
GQ06,237
GQ07,237
GQ08,237
GQ09,237
GQ12,237
GQ13,237
GQ14,237
GQ15,237
GQ16,237
GQ17,237
GQ18,237
GQ19,237
GQ20,237
GQ21,237
GQ22,237
GQ23,237
GQ24,237
GQ25,237
GQ26,237
GQ27,237
GQ28,237
GQ29,237
GQ30,237
GQ31,237
GQ32,237
GQ33,237
GQ34,237
GQ35,237
GQ36,237
GQ37,237
GQ38,237
GQ39,237
GQ40,237
GQ41,237
GQ42,237
GQ43,237
GQ44,237
GQ45,237
GQ46,237
GQ47,237
GQ48,237
GQ49,237
GQ50,237
GQ51,237
GQ52,237
GQ53,237
GQ54,237
GQ55,237
GQ56,237
GQ57,237
GQ58,237
GQ59,237
GQ60,237
GQ61,237
GQ62,237
GQ63,237
GQ64,237
GQ65,237
GQ66,237
GQ67,237
GQ68,237
GQ69,237
GQ70,237
GQ71,237
GQ72,237
GQ73,237
GQ74,237
GQ75,237
GQ76,237
GQ77,237
GQ78,237
GQ79,237
GQ80,237
GQ81,237
GQ82,237
GQ83,237
GQ84,237
GQ85,237
GQ86,237
GQ87,237
GQ88,237
GQ89,237
GQ90,237
GQ91,237
GQ92,237
GQ93,237
GQ94,237
GQ95,237
GQ96,237
GQ97,237
GQ98,237
GQ99,237
GR00,237
GR01,237
GR02,237
GR10,237
GR11,237
GR12,237
GR20,237
GR21,237
GR22,237
GR30,237
GR31,237
GR32,237
GR40,237
GR41,237
GR42,237
GR50,237
GR51,237
GR52,237
GR60,237
GR61,237
GR62,237
GR63,237
GR70,237
GR71,237
GR72,237
GR73,237
GR80,237
GR81,237
GR82,237
GR83,237
GR90,237
GR91,237
GR92,237
GR93,237
HA00,13
HA01,13
HA02,13
HA03,13
HA04,13
HA05,13
HA06,13
HA07,13
HA08,13
HA09,13
HA10,13
HA11,13
HA12,13
HA13,13
HA14,13
HA15,13
HA16,13
HA17,13
HA18,13
HA19,13
HA20,13
HA21,13
HA22,13
HA23,13
HA24,13
HA25,13
HA26,13
HA27,13
HA28,13
HA29,13
HA30,13
HA31,13
HA32,13
HA33,13
HA34,13
HA35,13
HA36,13
HA37,13
HA38,13
HA39,13
HA40,13
HA41,13
HA42,13
HA43,13
HA44,13
HA45,13
HA46,13
HA47,13
HA48,13
HA49,13
HA50,13
HA51,13
HA52,13
HA53,13
HA54,13
HA55,13
HA56,13
HA57,13
HA58,13
HA59,13
HA60,13
HA61,13
HA62,13
HA63,13
HA64,13
HA65,13
HA66,13
HA67,13
HA68,13
HA69,13
HA70,13
HA71,13
HA72,13
HA73,13
HA74,13
HA75,13
HA76,13
HA77,13
HA78,13
HA79,13
HA80,13
HA81,13
HA82,13
HA83,13
HA84,13
HA85,13
HA86,13
HA87,13
HA88,13
HA89,13
HA90,13
HA91,13
HA92,13
HA93,13
HA94,13
HA95,13
HA96,13
HA97,13
HA98,13
HA99,13
HB10,13
HB11,13
HB20,13
HB21,13
HB22,13
HB30,13
HB31,13
HB32,13
HB40,13
HB41,13
HB42,13
HB43,13
HB50,13
HB51,13
HB52,13
HB53,13
HB60,13
HB61,13
HB62,13
HB63,13
HB64,13
HB70,13
HB71,13
HB72,13
HB73,13
HB74,13
HB80,13
HB81,13
HB82,13
HB83,13
HB84,13
HB85,13
HB90,13
HB91,13
HB92,13
HB93,13
HB94,13
HB95,13
HB96,13
HD05,235
HD06,235
HD15,235
HD16,235
HD25,235
HD53,240
HD60,240
HD61,240
HD62,240
HD63,240
HD71,240
HD72,240
HG59,273
HH00,108
HH01,108
HH02,108
HH03,108
HH04,108
HH05,108
HH06,108
HH07,108
HH08,108
HH09,108
HH17,108
HH18,108
HH19,108
HI00,108
HI01,108
HI02,108
HI03,108
HI04,108
HI05,108
HI06,108
HI07,108
HI10,108
HI11,108
HI12,108
HI13,108
HI14,108
HI15,108
HI20,108
HI21,108
HI22,108
HI23,108
HI24,108
HI35,56
HI36,56
HJ50,253
HJ51,253
HK74,409
HK75,409
HK76,409
HK77,409
HK84,409
HK85,409
HK86,409
HK87,409
HM48,149
HM49,149
HM58,149
HM59,149
HM67,149
HM68,149
HM69,149
HM76,149
HM77,149
HM78,149
HP05,237
HP06,237
HP07,237
HP08,237
HP09,237
HP15,237
HP16,237
HP17,237
HP18,237
HP19,237
HP25,237
HP26,237
HP27,237
HP28,237
HP29,237
HP36,237
HP37,237
HP38,237
HP39,237
HP48,237
HP49,237
HP58,237
HP59,237
HP68,237
HP69,237
HP74,242
HP75,242
HP78,237
HP79,237
HP83,242
HP84,242
HP85,242
HP86,242
HP89,237
HP93,242
HP94,242
HP95,242
HP96,242
HQ00,237
HQ01,237
HQ02,237
HQ03,237
HQ04,237
HQ05,237
HQ06,237
HQ07,237
HQ08,237
HQ09,237
HQ10,237
HQ11,237
HQ12,237
HQ13,237
HQ14,237
HQ15,237
HQ16,237
HQ17,237
HQ18,237
HQ19,237
HQ20,237
HQ21,237
HQ22,237
HQ23,237
HQ24,237
HQ25,237
HQ26,237
HQ27,237
HQ28,237
HQ29,237
HQ30,237
HQ31,237
HQ32,237
HQ33,237
HQ34,237
HQ35,237
HQ36,237
HQ37,237
HQ38,237
HQ39,237
HQ40,237
HQ41,237
HQ42,237
HQ43,237
HQ44,237
HQ45,237
HQ46,237
HQ47,237
HQ48,237
HQ49,237
HQ50,237
HQ51,237
HQ52,237
HQ53,237
HQ54,237
HQ55,237
HQ56,237
HQ57,237
HQ58,237
HQ59,237
HQ60,237
HQ61,237
HQ62,237
HQ63,237
HQ64,237
HQ65,237
HQ66,237
HQ67,237
HQ68,237
HQ69,237
HQ70,237
HQ71,237
HQ72,237
HQ73,237
HQ74,237
HQ75,237
HQ76,237
HQ77,237
HQ78,237
HQ79,237
HQ80,237
HQ81,237
HQ82,237
HQ83,237
HQ84,237
HQ85,237
HQ86,237
HQ87,237
HQ88,237
HQ89,237
HQ90,237
HQ91,237
HQ92,237
HQ93,237
HQ94,237
HQ95,237
HQ96,237
HQ97,237
HQ98,237
HQ99,237
HR00,237
HR01,237
HR02,237
HR03,237
HR10,237
HR11,237
HR12,237
HR13,237
HR20,237
HR21,237
HR22,237
HR23,237
HR30,237
HR31,237
HR32,237
HR33,237
HR40,237
HR41,237
HR42,237
HR43,237
HR50,237
HR51,237
HR52,237
HR53,237
HR60,237
HR61,237
HR62,237
HR63,237
HR70,237
HR71,237
HR72,237
HR73,237
HR80,237
HR81,237
HR82,237
HR90,237
HR91,237
HR92,237
IA00,13
IA01,13
IA02,13
IA03,13
IA04,13
IA05,13
IA06,13
IA07,13
IA08,13
IA09,13
IA10,13
IA11,13
IA12,13
IA13,13
IA14,13
IA15,13
IA16,13
IA17,13
IA18,13
IA19,13
IA20,13
IA21,13
IA22,13
IA23,13
IA24,13
IA25,13
IA26,13
IA27,13
IA28,13
IA29,13
IA30,13
IA31,13
IA32,13
IA33,13
IA34,13
IA35,13
IA36,13
IA37,13
IA38,13
IA39,13
IA40,13
IA41,13
IA42,13
IA43,13
IA44,13
IA45,13
IA46,13
IA47,13
IA48,13
IA49,13
IA50,13
IA51,13
IA52,13
IA53,13
IA54,13
IA55,13
IA56,13
IA57,13
IA58,13
IA59,13
IA60,13
IA61,13
IA62,13
IA63,13
IA64,13
IA65,13
IA66,13
IA67,13
IA68,13
IA69,13
IA70,13
IA71,13
IA72,13
IA73,13
IA74,13
IA75,13
IA76,13
IA77,13
IA78,13
IA79,13
IA80,13
IA81,13
IA82,13
IA83,13
IA84,13
IA85,13
IA86,13
IA87,13
IA88,13
IA89,13
IA90,13
IA91,13
IA92,13
IA93,13
IA94,13
IA95,13
IA96,13
IA97,13
IA98,13
IA99,13
IB00,13
IB01,13
IB02,13
IB03,13
IB04,13
IB05,13
IB10,13
IB11,13
IB12,13
IB13,13
IB14,13
IB15,13
IB16,13
IB17,13
IB20,13
IB21,13
IB22,13
IB23,13
IB24,13
IB25,13
IB26,13
IB27,13
IB30,13
IB31,13
IB32,13
IB33,13
IB34,13
IB35,13
IB36,13
IB37,13
IB38,13
IB40,13
IB41,13
IB42,13
IB43,13
IB44,13
IB45,13
IB46,13
IB47,13
IB48,13
IB49,13
IB50,13
IB51,13
IB52,13
IB53,13
IB54,13
IB55,13
IB56,13
IB57,13
IB58,13
IB59,13
IB60,13
IB61,13
IB62,13
IB63,13
IB64,13
IB65,13
IB66,13
IB67,13
IB68,13
IB69,13
IB70,13
IB71,13
IB72,13
IB73,13
IB74,13
IB75,13
IB76,13
IB77,13
IB78,13
IB79,13
IB80,13
IB81,13
IB82,13
IB83,13
IB84,13
IB85,13
IB86,13
IB87,13
IB88,13
IB89,13
IB90,13
IB91,13
IB92,13
IB93,13
IB94,13
IB95,13
IB96,13
IB97,13
IB98,13
IE49,274
IE59,274
IF32,274
IF33,274
IF42,274
IF43,274
IH73,250
IH74,250
II21,205
II22,205
IJ29,107
IJ37,458
IJ38,458
IJ45,434
IJ54,434
IJ55,434
IJ67,428
IJ74,428
IJ75,428
IJ76,428
IJ77,428
IJ78,428
IJ84,424
IJ94,424
IJ95,424
IJ96,424
IJ97,424
IJ98,424
IJ99,424
IK11,109
IK14,456
IK17,444
IK18,444
IK19,444
IK24,456
IK25,456
IK27,444
IK28,444
IK29,444
IK30,107
IK37,444
IK38,444
IK39,444
IK40,107
IK46,444
IK47,444
IK48,444
IK49,444
IK53,442
IK54,442
IK56,444
IK57,444
IK58,444
IK59,444
IK61,442
IK62,442
IK63,442
IK64,442
IK66,444
IK67,444
IK68,444
IK74,442
IK81,480
IK82,480
IK85,442
IK86,442
IK87,442
IK88,442
IK89,442
IK92,480
IK93,480
IK96,442
IK97,442
IK98,442
IK99,442
IL07,29
IL08,29
IL09,29
IL12,446
IL13,446
IL17,29
IL18,29
IL19,29
IL20,444
IL24,446
IL25,446
IL26,446
IL27,29
IL28,29
IL29,29
IL30,444
IL39,29
IL40,444
IL41,444
IL42,444
IL43,444
IL44,444
IL48,446
IL49,446
IL50,444
IL51,444
IL52,444
IL53,444
IL54,444
IL67,400
IL68,400
IL70,442
IL71,442
IL72,442
IL73,442
IL76,400
IL77,400
IL78,400
IL80,442
IL81,442
IL82,442
IL85,400
IL86,400
IL87,400
IL88,400
IL89,400
IL90,442
IL94,400
IL95,400
IL96,400
IL97,400
IL98,400
IL99,400
IM10,272
IM12,256
IM13,256
IM20,272
IM50,446
IM51,446
IM52,446
IM53,446
IM57,272
IM58,272
IM59,272
IM60,446
IM61,446
IM62,446
IM63,446
IM64,446
IM65,446
IM71,446
IM72,446
IM73,446
IM74,446
IM77,281
IM78,281
IM79,281
IM83,446
IM86,281
IM87,281
IM88,281
IM89,281
IM90,400
IM91,400
IM95,400
IM96,281
IM97,281
IM98,281
IM99,281
IN50,272
IN53,281
IN62,281
IN63,281
IN69,223
IN70,281
IN71,281
IN72,281
IN73,281
IN77,227
IN78,227
IN79,223
IN80,281
IN81,281
IN82,281
IN83,281
IN86,227
IN87,227
IN88,227
IN90,281
IN91,281
IN94,227
IN95,227
IN96,227
IN97,227
IN98,227
IN99,227
IO41,245
IO42,245
IO43,245
IO44,245
IO51,245
IO52,245
IO53,245
IO54,245
IO55,245
IO56,279
IO57,279
IO60,223
IO61,245
IO62,245
IO66,279
IO67,279
IO68,279
IO69,279
IO70,223
IO73,294
IO75,279
IO76,279
IO77,279
IO78,279
IO79,279
IO80,223
IO86,279
IO87,279
IO88,279
IO89,279
IO90,223
IO91,223
IO92,223
IO93,223
IO94,223
IO96,279
IO97,279
IO98,279
IO99,279
IP03,242
IP04,242
IP05,242
IP06,242
IP13,242
IP14,242
IP15,242
IP16,242
IP24,242
IP25,242
IP26,242
IP34,242
IP35,242
IP61,222
IP62,222
IP80,279
IP90,279
IP91,279
IQ04,237
IQ05,237
IQ06,237
IQ07,237
IQ08,237
IQ09,237
IQ14,237
IQ15,237
IQ17,237
IQ18,237
IQ19,237
IQ50,118
IQ51,118
IQ60,118
IQ61,118
IR00,237
IR01,237
IR02,237
IR10,237
IR11,237
IR20,237
IR21,237
IR31,237
IR41,237
JA00,13
JA01,13
JA02,13
JA03,13
JA04,13
JA05,13
JA06,13
JA07,13
JA08,13
JA09,13
JA10,13
JA11,13
JA12,13
JA13,13
JA14,13
JA15,13
JA16,13
JA17,13
JA18,13
JA19,13
JA20,13
JA21,13
JA22,13
JA23,13
JA24,13
JA25,13
JA26,13
JA27,13
JA28,13
JA29,13
JA30,13
JA31,13
JA32,13
JA33,13
JA34,13
JA35,13
JA36,13
JA37,13
JA38,13
JA39,13
JA40,13
JA41,13
JA42,13
JA43,13
JA44,13
JA45,13
JA46,13
JA47,13
JA48,13
JA49,13
JA50,13
JA51,13
JA52,13
JA53,13
JA54,13
JA55,13
JA56,13
JA57,13
JA58,13
JA59,13
JA60,13
JA61,13
JA62,13
JA63,13
JA64,13
JA65,13
JA66,13
JA67,13
JA68,13
JA69,13
JA70,13
JA71,13
JA72,13
JA73,13
JA74,13
JA75,13
JA76,13
JA77,13
JA78,13
JA79,13
JA80,13
JA81,13
JA82,13
JA83,13
JA84,13
JA85,13
JA86,13
JA87,13
JA88,13
JA89,13
JA90,13
JA91,13
JA92,13
JA93,13
JA94,13
JA95,13
JA96,13
JA97,13
JA98,13
JA99,13
JB00,13
JB01,13
JB02,13
JB03,13
JB04,13
JB05,13
JB06,13
JB07,13
JB08,13
JB09,13
JB10,13
JB11,13
JB12,13
JB13,13
JB14,13
JB15,13
JB16,13
JB17,13
JB18,13
JB19,13
JB20,13
JB21,13
JB22,13
JB23,13
JB24,13
JB25,13
JB26,13
JB27,13
JB28,13
JB29,13
JB30,13
JB31,13
JB32,13
JB33,13
JB34,13
JB35,13
JB36,13
JB37,13
JB38,13
JB39,13
JB40,13
JB41,13
JB42,13
JB43,13
JB44,13
JB45,13
JB46,13
JB47,13
JB48,13
JB49,13
JB50,13
JB51,13
JB52,13
JB53,13
JB54,13
JB55,13
JB56,13
JB57,13
JB58,13
JB59,13
JB60,13
JB61,13
JB62,13
JB63,13
JB64,13
JB65,13
JB66,13
JB67,13
JB68,13
JB69,13
JB70,13
JB71,13
JB72,13
JB73,13
JB74,13
JB75,13
JB76,13
JB77,13
JB78,13
JB79,13
JB80,13
JB81,13
JB82,13
JB83,13
JB84,13
JB85,13
JB86,13
JB87,13
JB88,13
JB89,13
JB90,13
JB91,13
JB92,13
JB93,13
JB94,13
JB95,13
JB96,13
JB97,13
JB98,13
JB99,13
JC70,13
JC80,13
JD15,24
JF86,462
JF87,462
JF88,462
JF89,462
JF95,462
JF96,462
JF97,462
JF98,462
JF99,462
JG68,464
JG69,464
JG71,464
JG72,464
JG73,464
JG74,464
JG75,464
JG76,464
JG77,464
JG78,464
JG79,464
JG80,462
JG82,464
JG83,464
JG84,464
JG85,464
JG86,464
JG87,464
JG88,464
JG89,464
JG90,462
JG98,464
JG99,464
JH51,464
JH53,401
JH54,401
JH60,464
JH61,464
JH64,401
JH65,401
JH66,401
JH67,401
JH68,401
JH69,401
JH70,464
JH71,464
JH73,401
JH74,401
JH75,401
JH76,401
JH77,401
JH78,401
JH79,401
JH80,464
JH81,464
JH83,401
JH84,401
JH85,401
JH86,401
JH87,401
JH88,401
JH89,401
JH90,464
JH91,464
JH93,401
JH94,401
JH95,401
JH96,401
JH97,401
JH98,401
JH99,401
JI28,195
JI47,420
JI48,420
JI49,420
JI54,412
JI55,412
JI58,420
JI59,420
JI60,401
JI61,401
JI62,401
JI66,412
JI70,401
JI71,401
JI72,401
JI73,401
JI80,401
JI85,414
JI90,401
JI93,414
JI94,414
JI95,414
JI96,414
JI97,414
JI98,414
JI99,414
JJ05,424
JJ24,450
JJ25,450
JJ26,450
JJ27,450
JJ28,450
JJ29,450
JJ30,219
JJ31,219
JJ34,450
JJ35,450
JJ36,450
JJ37,450
JJ38,450
JJ39,450
JJ47,450
JJ48,450
JJ49,450
JJ53,406
JJ54,406
JJ55,406
JJ58,450
JJ59,450
JJ63,406
JJ64,406
JJ65,406
JJ66,406
JJ84,408
JJ85,408
JJ86,408
JJ89,410
JJ90,414
JJ96,408
JJ97,408
JK06,442
JK07,442
JK08,442
JK09,442
JK13,187
JK14,187
JK17,442
JK20,450
JK21,450
JK24,187
JK25,187
JK30,450
JK31,450
JK34,187
JK35,187
JK36,187
JK37,187
JK38,187
JK40,450
JK41,450
JK44,187
JK45,187
JK46,187
JK47,187
JK48,187
JK49,187
JK50,450
JK51,450
JK52,450
JK54,187
JK55,187
JK56,187
JK57,187
JK58,187
JK59,187
JK62,450
JK66,187
JK67,187
JK68,187
JK69,187
JK74,410
JK80,410
JK81,410
JK82,410
JK83,410
JK84,410
JK85,410
JK86,410
JK87,410
JK88,410
JK89,410
JK90,410
JK91,410
JK92,410
JK93,410
JK94,410
JK95,410
JK96,410
JK97,410
JK98,410
JK99,410
JL02,400
JL03,400
JL04,400
JL05,400
JL06,400
JL07,400
JL08,400
JL09,400
JL11,400
JL12,400
JL13,400
JL14,400
JL15,400
JL16,400
JL17,400
JL18,400
JL19,400
JL20,400
JL21,400
JL22,400
JL23,400
JL24,400
JL25,400
JL26,400
JL27,400
JL28,400
JL29,400
JL32,400
JL33,400
JL34,400
JL35,400
JL36,400
JL37,400
JL38,400
JL39,400
JL40,187
JL43,400
JL44,400
JL50,187
JL51,187
JL56,436
JL57,436
JL58,436
JL59,436
JL60,187
JL61,187
JL64,436
JL65,436
JL66,436
JL67,436
JL68,436
JL69,436
JL74,436
JL75,436
JL76,436
JL77,436
JL78,436
JL79,436
JL80,410
JL81,410
JL84,436
JL85,436
JL86,436
JL87,436
JL88,436
JL89,436
JL90,410
JL93,436
JL94,436
JL95,436
JL96,436
JL97,436
JL98,436
JL99,436
JM00,400
JM01,400
JM02,400
JM03,400
JM04,400
JM05,400
JM06,400
JM10,400
JM11,400
JM12,400
JM13,400
JM14,400
JM15,400
JM16,400
JM18,21
JM19,21
JM20,400
JM21,400
JM22,400
JM23,400
JM24,400
JM25,400
JM26,400
JM29,21
JM30,400
JM31,400
JM32,400
JM35,400
JM36,400
JM37,400
JM47,474
JM54,474
JM55,474
JM57,474
JM60,436
JM61,436
JM62,436
JM63,436
JM65,248
JM66,248
JM67,248
JM68,248
JM70,436
JM71,436
JM72,436
JM75,257
JM77,248
JM78,248
JM79,248
JM80,436
JM81,436
JM87,248
JM88,248
JM89,248
JM90,436
JM91,436
JM92,436
JN00,281
JN01,281
JN03,227
JN04,227
JN05,227
JN06,227
JN07,227
JN08,227
JN09,227
JN10,21
JN11,281
JN13,227
JN14,227
JN15,227
JN16,227
JN17,227
JN18,227
JN19,227
JN20,21
JN23,227
JN24,227
JN25,227
JN27,227
JN28,227
JN32,227
JN42,214
JN44,248
JN51,248
JN52,248
JN53,248
JN54,248
JN55,248
JN58,230
JN59,230
JN60,248
JN62,248
JN70,248
JN71,248
JN72,248
JN73,497
JN77,206
JN80,248
JN81,248
JO02,223
JO03,223
JO04,223
JO22,263
JO23,263
JO28,266
JO29,266
JO34,230
JO37,266
JO38,266
JO39,266
JO40,230
JO41,230
JO42,230
JO43,230
JO46,221
JO47,221
JO48,266
JO49,266
JO50,230
JO51,230
JO52,230
JO53,230
JO55,221
JO56,221
JO61,230
JO62,230
JO63,230
JO67,284
JO68,284
JO76,284
JO77,284
JO78,284
JO79,284
JO81,269
JO82,269
JO83,269
JO84,269
JO86,284
JO87,284
JO88,284
JO89,284
JO91,269
JO92,269
JO93,269
JO96,284
JO97,284
JO98,284
JO99,284
JP20,266
JP21,266
JP22,266
JP30,266
JP31,266
JP32,266
JP33,266
JP40,266
JP41,266
JP42,266
JP43,266
JP44,266
JP50,266
JP51,266
JP52,266
JP54,266
JP55,266
JP65,266
JP66,266
JP67,266
JP68,266
JP70,284
JP71,284
JP72,284
JP73,284
JP77,266
JP78,266
JP79,266
JP80,284
JP81,284
JP82,284
JP83,284
JP84,284
JP85,284
JP89,266
JP92,284
JP93,284
JP94,284
JP95,284
JP96,284
JP97,284
JP99,266
JQ78,259
JQ88,259
JQ89,259
JQ90,266
JQ94,266
JR60,259
JR70,259
JR90,259
KA00,13
KA01,13
KA02,13
KA03,13
KA04,13
KA05,13
KA06,13
KA07,13
KA08,13
KA09,13
KA10,13
KA11,13
KA12,13
KA13,13
KA14,13
KA15,13
KA16,13
KA17,13
KA18,13
KA19,13
KA20,13
KA21,13
KA22,13
KA23,13
KA24,13
KA25,13
KA26,13
KA27,13
KA28,13
KA29,13
KA30,13
KA31,13
KA32,13
KA33,13
KA34,13
KA35,13
KA36,13
KA37,13
KA38,13
KA39,13
KA40,13
KA41,13
KA42,13
KA43,13
KA44,13
KA45,13
KA46,13
KA47,13
KA48,13
KA49,13
KA50,13
KA51,13
KA52,13
KA53,13
KA54,13
KA55,13
KA56,13
KA57,13
KA58,13
KA59,13
KA60,13
KA61,13
KA62,13
KA63,13
KA64,13
KA65,13
KA66,13
KA67,13
KA68,13
KA69,13
KA70,13
KA71,13
KA72,13
KA73,13
KA74,13
KA75,13
KA76,13
KA77,13
KA78,13
KA79,13
KA80,13
KA81,13
KA82,13
KA83,13
KA84,13
KA85,13
KA86,13
KA87,13
KA88,13
KA89,13
KA90,13
KA91,13
KA92,13
KA93,13
KA94,13
KA95,13
KA96,13
KA97,13
KA98,13
KA99,13
KB00,13
KB01,13
KB02,13
KB03,13
KB04,13
KB05,13
KB06,13
KB07,13
KB08,13
KB09,13
KB10,13
KB11,13
KB12,13
KB13,13
KB14,13
KB15,13
KB16,13
KB17,13
KB18,13
KB19,13
KB20,13
KB21,13
KB22,13
KB23,13
KB24,13
KB25,13
KB26,13
KB27,13
KB28,13
KB29,13
KB30,13
KB31,13
KB32,13
KB33,13
KB34,13
KB35,13
KB36,13
KB37,13
KB38,13
KB39,13
KB40,13
KB41,13
KB42,13
KB43,13
KB44,13
KB45,13
KB46,13
KB47,13
KB48,13
KB49,13
KB50,13
KB51,13
KB52,13
KB53,13
KB54,13
KB55,13
KB56,13
KB57,13
KB58,13
KB59,13
KB60,13
KB61,13
KB62,13
KB63,13
KB64,13
KB65,13
KB66,13
KB67,13
KB68,13
KB69,13
KB70,13
KB71,13
KB72,13
KB73,13
KB74,13
KB75,13
KB76,13
KB77,13
KB78,13
KB79,13
KB80,13
KB81,13
KB82,13
KB83,13
KB84,13
KB85,13
KB86,13
KB87,13
KB88,13
KB89,13
KB90,13
KB91,13
KB92,13
KB93,13
KB94,13
KB95,13
KB96,13
KB97,13
KB98,13
KB99,13
KC60,13
KC61,13
KC70,13
KC71,13
KC80,13
KC90,13
KC91,13
KE82,201
KE83,201
KE92,201
KE93,201
KF05,462
KF06,462
KF07,462
KF08,462
KF09,462
KF15,462
KF16,462
KF17,462
KF18,462
KF19,462
KF25,462
KF26,462
KF27,462
KF28,462
KF29,462
KF36,462
KF37,462
KF38,462
KF47,462
KF48,462
KF58,462
KF59,462
KG00,462
KG01,462
KG02,462
KG06,402
KG10,462
KG11,462
KG12,462
KG15,402
KG16,402
KG17,402
KG18,402
KG19,402
KG20,462
KG21,462
KG22,462
KG23,462
KG26,402
KG27,402
KG28,402
KG29,402
KG32,462
KG33,462
KG34,462
KG42,462
KG43,462
KG44,462
KG45,462
KG46,462
KG49,452
KG50,462
KG51,462
KG59,452
KG61,462
KG62,462
KG64,181
KG65,181
KG66,181
KG67,181
KG74,181
KG75,181
KG76,181
KG77,181
KG78,181
KG79,181
KH07,401
KH08,401
KH09,401
KH10,402
KH14,482
KH15,482
KH23,482
KH24,482
KH25,482
KH34,482
KH35,482
KH36,482
KH39,414
KH40,452
KH41,452
KH42,452
KH45,482
KH50,452
KH51,452
KH52,452
KH56,482
KH57,482
KH58,482
KH59,482
KH64,181
KH70,181
KH71,181
KH81,181
KH82,181
KH83,181
KH84,181
KH85,181
KH86,181
KH87,181
KH89,470
KH92,181
KH93,181
KH94,181
KH95,181
KH96,181
KH97,181
KI04,414
KI05,414
KI06,414
KI07,414
KI08,414
KI09,414
KI11,414
KI12,414
KI13,414
KI14,414
KI15,414
KI16,414
KI17,414
KI18,414
KI19,414
KI20,414
KI21,414
KI22,414
KI23,414
KI24,414
KI25,414
KI26,414
KI27,414
KI28,414
KI29,414
KI30,414
KI31,414
KI32,414
KI33,414
KI34,414
KI35,414
KI36,414
KI37,414
KI38,414
KI39,414
KI42,414
KI54,470
KI61,470
KI62,470
KI63,470
KI64,470
KI65,470
KI66,470
KI67,470
KI71,470
KI72,470
KI73,470
KI74,470
KI75,470
KI76,470
KI79,430
KI80,470
KI81,470
KI82,470
KI83,470
KI84,470
KI85,470
KI88,430
KI89,430
KI90,470
KI91,470
KI92,470
KI93,470
KI94,470
KI97,430
KI98,430
KI99,430
KJ00,414
KJ01,414
KJ02,414
KJ03,414
KJ05,408
KJ06,408
KJ07,408
KJ08,408
KJ10,414
KJ11,414
KJ12,414
KJ13,414
KJ15,408
KJ16,408
KJ17,408
KJ20,414
KJ21,414
KJ22,414
KJ23,414
KJ30,414
KJ31,414
KJ32,414
KJ33,414
KJ37,521
KJ38,521
KJ41,414
KJ42,414
KJ43,414
KJ45,521
KJ46,521
KJ47,521
KJ48,521
KJ55,521
KJ56,521
KJ57,521
KJ58,521
KJ61,286
KJ62,286
KJ65,521
KJ66,521
KJ80,430
KJ81,430
KJ82,430
KJ85,53
KJ86,53
KJ87,53
KJ88,53
KJ89,53
KJ90,430
KJ91,430
KJ92,430
KJ94,53
KJ95,53
KJ96,53
KJ97,53
KJ98,53
KJ99,53
KK01,410
KK04,410
KK05,410
KK06,410
KK07,410
KK08,410
KK09,410
KK21,466
KK22,466
KK23,466
KK24,466
KK25,466
KK26,466
KK27,466
KK28,466
KK31,466
KK32,466
KK33,466
KK34,466
KK35,466
KK36,466
KK37,466
KK38,466
KK39,466
KK41,466
KK42,466
KK43,466
KK44,466
KK45,466
KK46,466
KK47,466
KK48,466
KK49,466
KK51,466
KK52,466
KK53,466
KK54,466
KK55,466
KK56,466
KK57,466
KK58,466
KK59,466
KK63,466
KK64,466
KK65,466
KK66,466
KK67,466
KK68,466
KK69,466
KK73,466
KK74,466
KK75,466
KK76,466
KK77,466
KK78,466
KK79,466
KK80,53
KK81,53
KK88,466
KK89,466
KK90,53
KK91,53
KK92,53
KK93,53
KK95,51
KK96,51
KL02,436
KL03,436
KL04,436
KL05,436
KL06,436
KL07,436
KL08,436
KL09,436
KL11,436
KL12,436
KL13,436
KL14,436
KL15,436
KL16,436
KL17,436
KL18,436
KL19,436
KL30,466
KL32,478
KL33,478
KL34,478
KL35,478
KL36,478
KL37,478
KL38,478
KL39,478
KL40,466
KL42,478
KL43,478
KL44,478
KL45,478
KL46,478
KL47,478
KL48,478
KL49,478
KL50,466
KL53,478
KL54,478
KL55,478
KL56,478
KL57,478
KL58,478
KL59,478
KL60,466
KL62,478
KL63,478
KL64,478
KL65,478
KL66,478
KL67,478
KL68,478
KL69,478
KL70,466
KL72,478
KL73,478
KL74,478
KL75,478
KL80,466
KL82,478
KL84,378
KL85,378
KL86,378
KL87,378
KL88,378
KL90,378
KL91,378
KL92,378
KL93,378
KL94,378
KL95,378
KL96,378
KL97,378
KL98,378
KL99,378
KM00,436
KM01,436
KM02,436
KM06,236
KM07,236
KM08,236
KM10,436
KM11,436
KM12,436
KM16,236
KM17,236
KM18,236
KM19,236
KM22,436
KM26,236
KM27,236
KM28,236
KM30,478
KM31,478
KM34,40
KM40,478
KM41,478
KM45,45
KM47,390
KM48,390
KM49,390
KM50,478
KM51,478
KM56,390
KM57,390
KM58,390
KM59,390
KM60,478
KM61,478
KM66,390
KM67,390
KM68,390
KM69,390
KM76,390
KM77,390
KM78,390
KM79,390
KM87,390
KM88,390
KM89,390
KM90,378
KM94,384
KM95,384
KM97,390
KM98,390
KM99,390
KN15,275
KN16,275
KN22,212
KN24,275
KN25,275
KN26,275
KN28,288
KN29,288
KN35,275
KN36,275
KN39,288
KN40,390
KN42,212
KN44,275
KN49,288
KN50,390
KN51,390
KN55,288
KN57,288
KN58,288
KN59,288
KN60,390
KN61,390
KN62,390
KN66,288
KN67,288
KN68,288
KN69,288
KN70,390
KN71,390
KN72,390
KN75,288
KN76,288
KN77,288
KN78,288
KN79,288
KN80,390
KN81,390
KN84,54
KN85,54
KN87,288
KN88,288
KN90,390
KN91,390
KN94,54
KN95,54
KN96,54
KO00,269
KO01,269
KO02,269
KO03,269
KO08,52
KO09,5
KO18,52
KO22,27
KO30,288
KO32,27
KO33,27
KO40,288
KO42,27
KO43,27
KO44,27
KO47,54
KO48,54
KO50,288
KO56,54
KO57,54
KO58,54
KO59,54
KO60,288
KO61,288
KO64,54
KO65,54
KO66,54
KO67,54
KO68,54
KO69,54
KO73,54
KO74,54
KO75,54
KO76,54
KO77,54
KO78,54
KO79,54
KO81,54
KO82,54
KO83,54
KO84,54
KO85,54
KO86,54
KO87,54
KO88,54
KO89,54
KO91,54
KO92,54
KO93,54
KO94,54
KO95,54
KO96,54
KO97,54
KO98,54
KO99,54
KP01,224
KP02,224
KP04,284
KP05,284
KP06,284
KP07,284
KP10,224
KP11,224
KP12,224
KP13,224
KP14,224
KP15,284
KP20,224
KP21,224
KP22,224
KP23,224
KP24,224
KP27,224
KP30,224
KP31,224
KP32,224
KP33,224
KP34,224
KP35,224
KP36,224
KP37,224
KP38,224
KP42,224
KP43,224
KP50,54
KP56,54
KP58,54
KP60,54
KP61,54
KP62,54
KP63,54
KP64,54
KP65,54
KP66,54
KP67,54
KP68,54
KP69,54
KP70,54
KP71,54
KP72,54
KP73,54
KP74,54
KP75,54
KP76,54
KP77,54
KP78,54
KP79,54
KP80,54
KP81,54
KP82,54
KP83,54
KP84,54
KP85,54
KP86,54
KP87,54
KP88,54
KP89,54
KP90,54
KP91,54
KP92,54
KP93,54
KP94,54
KP95,54
KP96,54
KP97,54
KP98,54
KQ00,266
KQ10,266
KQ11,266
KQ20,266
KQ21,266
KQ26,266
KQ31,266
KQ38,266
KQ40,266
KQ41,266
KQ48,266
KQ50,266
KQ58,266
KQ59,266
KR10,259
KR20,259
KR50,266
KR60,266
LA00,13
LA01,13
LA02,13
LA03,13
LA04,13
LA05,13
LA06,13
LA07,13
LA08,13
LA09,13
LA10,13
LA11,13
LA12,13
LA13,13
LA14,13
LA15,13
LA16,13
LA17,13
LA18,13
LA19,13
LA20,13
LA21,13
LA22,13
LA23,13
LA24,13
LA25,13
LA26,13
LA27,13
LA28,13
LA29,13
LA30,13
LA31,13
LA32,13
LA33,13
LA34,13
LA35,13
LA36,13
LA37,13
LA38,13
LA39,13
LA40,13
LA41,13
LA42,13
LA43,13
LA44,13
LA45,13
LA46,13
LA47,13
LA48,13
LA49,13
LA50,13
LA51,13
LA52,13
LA53,13
LA54,13
LA55,13
LA56,13
LA57,13
LA58,13
LA59,13
LA60,13
LA61,13
LA62,13
LA63,13
LA64,13
LA65,13
LA66,13
LA67,13
LA68,13
LA69,13
LA70,13
LA71,13
LA72,13
LA73,13
LA74,13
LA75,13
LA76,13
LA77,13
LA78,13
LA79,13
LA80,13
LA81,13
LA82,13
LA83,13
LA84,13
LA85,13
LA86,13
LA87,13
LA88,13
LA89,13
LA90,13
LA91,13
LA92,13
LA93,13
LA94,13
LA95,13
LA96,13
LA97,13
LA98,13
LA99,13
LB00,13
LB01,13
LB02,13
LB03,13
LB04,13
LB05,13
LB06,13
LB07,13
LB08,13
LB09,13
LB10,13
LB11,13
LB12,13
LB13,13
LB14,13
LB15,13
LB16,13
LB17,13
LB18,13
LB19,13
LB20,13
LB21,13
LB22,13
LB23,13
LB24,13
LB25,13
LB26,13
LB27,13
LB28,13
LB29,13
LB30,13
LB31,13
LB32,13
LB33,13
LB34,13
LB35,13
LB36,13
LB37,13
LB38,13
LB39,13
LB40,13
LB41,13
LB42,13
LB43,13
LB44,13
LB45,13
LB46,13
LB47,13
LB48,13
LB49,13
LB50,13
LB51,13
LB52,13
LB53,13
LB54,13
LB55,13
LB56,13
LB57,13
LB58,13
LB59,13
LB60,13
LB61,13
LB62,13
LB63,13
LB64,13
LB65,13
LB66,13
LB67,13
LB68,13
LB69,13
LB70,13
LB71,13
LB72,13
LB73,13
LB74,13
LB75,13
LB76,13
LB77,13
LB78,13
LB79,13
LB80,13
LB81,13
LB82,13
LB83,13
LB84,13
LB85,13
LB86,13
LB87,13
LB88,13
LB89,13
LB90,13
LB91,13
LB92,13
LB93,13
LB94,13
LB95,13
LB96,13
LB97,13
LB98,13
LB99,13
LC00,13
LC01,13
LC10,13
LC11,13
LC12,13
LC20,13
LC21,13
LC22,13
LC30,13
LC31,13
LC32,13
LC40,13
LC41,13
LC42,13
LC43,13
LC50,13
LC51,13
LC52,13
LC53,13
LC60,13
LC61,13
LC62,13
LC63,13
LC64,13
LC70,13
LC71,13
LC72,13
LC73,13
LC74,13
LC80,13
LC81,13
LC82,13
LC83,13
LC90,13
LC91,13
LC92,13
LE43,41
LE44,41
LE53,41
LE54,41
LE63,41
LG07,124
LG15,438
LG16,438
LG17,438
LG18,438
LG19,438
LG24,438
LG25,438
LG26,438
LG27,438
LG28,438
LG29,438
LG34,438
LG35,438
LG36,438
LG37,438
LG38,438
LG39,438
LG47,438
LG48,438
LG49,438
LG78,453
LG79,453
LG88,453
LG89,165
LH03,181
LH04,181
LH05,181
LH06,181
LH07,181
LH08,181
LH13,124
LH17,411
LH18,411
LH20,438
LH21,438
LH22,438
LH23,438
LH24,438
LH26,169
LH30,438
LH31,438
LH32,438
LH33,438
LH34,438
LH35,438
LH36,438
LH38,99
LH40,438
LH41,438
LH42,438
LH43,438
LH44,438
LH45,438
LH46,438
LH47,438
LH48,438
LH53,438
LH54,438
LH55,438
LH56,438
LH73,276
LH74,276
LH80,165
LH89,4
LH92,4
LH93,4
LI06,430
LI07,430
LI19,232
LI30,379
LI62,379
LI63,379
LI64,379
LI74,379
LI75,379
LI76,379
LI82,379
LJ05,53
LJ06,53
LJ07,53
LJ08,53
LJ09,53
LJ10,232
LJ11,232
LJ12,232
LJ13,232
LJ15,53
LJ16,53
LJ17,53
LJ18,53
LJ19,53
LJ21,232
LJ22,232
LJ23,232
LJ27,53
LJ28,53
LJ32,232
LJ33,232
LJ34,232
LJ35,232
LJ44,232
LJ45,232
LJ46,232
LJ47,232
LJ48,232
LJ49,232
LJ58,232
LJ59,232
LK05,51
LK07,378
LK08,378
LK09,378
LK14,492
LK15,492
LK18,378
LK19,378
LK22,492
LK23,492
LK24,492
LK25,492
LK26,492
LK28,378
LK29,378
LK33,492
LK34,492
LK35,492
LK38,378
LK39,378
LK40,232
LK41,232
LK43,492
LK44,492
LK45,492
LK46,492
LK49,378
LK50,232
LK51,232
LK54,492
LK55,492
LK56,492
LK57,492
LK62,492
LK65,492
LK72,492
LK76,370
LK77,370
LK78,370
LK87,370
LK88,370
LK89,370
LL00,378
LL01,378
LL02,378
LL03,378
LL04,378
LL05,378
LL06,378
LL07,378
LL08,378
LL09,378
LL10,378
LL11,378
LL12,378
LL13,378
LL14,378
LL15,378
LL16,378
LL17,378
LL18,378
LL20,378
LL21,378
LL22,378
LL23,378
LL24,378
LL25,378
LL26,378
LL27,378
LL28,378
LL30,378
LL31,378
LL32,378
LL33,378
LL34,378
LL35,378
LL36,378
LL37,378
LL40,378
LL41,378
LL42,378
LL43,378
LL44,378
LL45,378
LL46,378
LL47,378
LL50,378
LL51,378
LL52,378
LL57,330
LL58,330
LL59,330
LL60,378
LL61,378
LL64,391
LL66,330
LL67,330
LL68,330
LL69,330
LL76,330
LL77,330
LL78,330
LL79,330
LL80,370
LL81,370
LL82,370
LL83,370
LL87,330
LL88,330
LL89,330
LL90,370
LL91,370
LL92,370
LL93,370
LL95,330
LL96,330
LL97,330
LL98,330
LL99,330
LM00,378
LM02,333
LM08,390
LM09,390
LM12,333
LM13,333
LM14,333
LM15,333
LM18,390
LM19,390
LM20,333
LM21,333
LM22,333
LM34,330
LM36,330
LM37,330
LM41,330
LM42,330
LM43,330
LM44,330
LM45,330
LM46,330
LM47,330
LM50,330
LM51,330
LM52,330
LM53,330
LM54,330
LM55,330
LM56,330
LM57,330
LM60,330
LM61,330
LM62,330
LM63,330
LM64,330
LM65,330
LM66,330
LM68,280
LM69,280
LM70,330
LM71,330
LM72,330
LM73,330
LM74,330
LM75,330
LM76,330
LM79,280
LM80,330
LM81,330
LM82,330
LM83,330
LM84,330
LM85,330
LM86,330
LM89,280
LM90,330
LM91,330
LM92,330
LM93,330
LM94,330
LM95,330
LM96,330
LM98,280
LM99,280
LN00,390
LN02,75
LN04,54
LN05,54
LN06,54
LN07,54
LN14,54
LN15,54
LN16,54
LN17,54
LN18,54
LN19,54
LN23,54
LN24,54
LN25,54
LN26,54
LN27,54
LN28,54
LN29,54
LN30,18
LN33,54
LN34,54
LN35,54
LN36,54
LN40,18
LN42,54
LN44,130
LN45,54
LN48,130
LN50,18
LN52,130
LN53,130
LN54,130
LN55,130
LN56,130
LN57,130
LN58,130
LN59,130
LN60,280
LN63,130
LN64,130
LN65,130
LN66,130
LN67,130
LN68,130
LN69,130
LN70,280
LN76,130
LN77,130
LN78,130
LN79,130
LN80,280
LN83,292
LN84,292
LN86,130
LN87,130
LN88,130
LN89,130
LN90,280
LN93,292
LN96,130
LN97,130
LN98,130
LN99,130
LO00,54
LO01,54
LO02,54
LO03,54
LO04,54
LO05,54
LO06,54
LO07,54
LO08,54
LO09,54
LO10,54
LO11,54
LO12,54
LO13,54
LO14,54
LO15,54
LO16,54
LO17,54
LO18,54
LO19,54
LO20,54
LO21,54
LO22,54
LO23,54
LO24,54
LO25,54
LO26,54
LO27,54
LO28,54
LO29,54
LO31,54
LO32,54
LO33,54
LO34,54
LO35,54
LO36,54
LO37,54
LO38,54
LO39,54
LO42,54
LO43,54
LO44,54
LO45,54
LO46,54
LO47,54
LO48,54
LO50,130
LO53,54
LO54,54
LO55,54
LO56,54
LO57,54
LO58,54
LO60,130
LO67,54
LO72,15
LO73,15
LO74,15
LO79,15
LO82,15
LO83,15
LO84,15
LO85,15
LO86,15
LO87,15
LO88,15
LO89,15
LO92,15
LO93,15
LO94,15
LO95,15
LO96,15
LO97,15
LO98,15
LO99,15
LP00,54
LP01,54
LP02,54
LP03,54
LP04,54
LP05,54
LP06,54
LP07,54
LP08,54
LP10,54
LP11,54
LP12,54
LP13,54
LP14,54
LP15,54
LP16,54
LP17,54
LP18,54
LP20,54
LP21,54
LP22,54
LP25,54
LP26,54
LP27,54
LP28,54
LP30,54
LP31,54
LP35,54
LP36,54
LP37,54
LP38,54
LP43,15
LP47,54
LP51,15
LP52,15
LP53,15
LP55,15
LP58,54
LP61,15
LP62,15
LP63,15
LP64,15
LP65,15
LP66,15
LP68,54
LP70,15
LP71,15
LP72,15
LP73,15
LP74,15
LP75,15
LP76,15
LP78,54
LP80,15
LP81,15
LP82,15
LP83,15
LP84,15
LP85,15
LP86,15
LP88,54
LP90,15
LP91,15
LP92,15
LP93,15
LP94,15
LP95,15
LP96,15
LP98,54
LQ39,61
LQ49,61
LQ51,54
LQ52,54
LQ59,61
LQ60,54
LQ61,54
LQ62,54
LQ63,54
LQ69,61
LQ70,54
LQ71,54
LQ72,54
LQ73,54
LQ74,54
LQ75,54
LQ79,61
LQ80,54
LQ81,54
LQ82,54
LQ83,54
LQ84,54
LQ85,54
LQ89,61
LQ93,54
LQ94,54
LQ95,54
LQ96,54
LQ99,61
LR10,61
LR20,61
LR30,61
LR31,61
LR40,61
LR41,61
LR50,61
LR51,61
LR60,61
LR61,61
LR70,61
LR71,61
LR80,61
LR81,61
LR82,61
LR90,61
LR91,61
LR92,61
MA00,13
MA01,13
MA02,13
MA03,13
MA04,13
MA05,13
MA06,13
MA07,13
MA08,13
MA09,13
MA10,13
MA11,13
MA12,13
MA13,13
MA14,13
MA15,13
MA16,13
MA17,13
MA18,13
MA19,13
MA20,13
MA21,13
MA22,13
MA23,13
MA24,13
MA25,13
MA26,13
MA27,13
MA28,13
MA29,13
MA30,13
MA31,13
MA32,13
MA33,13
MA34,13
MA35,13
MA36,13
MA37,13
MA38,13
MA39,13
MA40,13
MA41,13
MA42,13
MA43,13
MA44,13
MA45,13
MA46,13
MA47,13
MA48,13
MA49,13
MA50,13
MA51,13
MA52,13
MA53,13
MA54,13
MA55,13
MA56,13
MA57,13
MA58,13
MA59,13
MA60,13
MA61,13
MA62,13
MA63,13
MA64,13
MA65,13
MA66,13
MA67,13
MA68,13
MA69,13
MA70,13
MA71,13
MA72,13
MA73,13
MA74,13
MA75,13
MA76,13
MA77,13
MA78,13
MA79,13
MA80,13
MA81,13
MA82,13
MA83,13
MA84,13
MA85,13
MA86,13
MA87,13
MA88,13
MA89,13
MA90,13
MA91,13
MA92,13
MA93,13
MA94,13
MA95,13
MA96,13
MA97,13
MA98,13
MA99,13
MB00,13
MB01,13
MB02,13
MB03,13
MB04,13
MB05,13
MB06,13
MB07,13
MB08,13
MB09,13
MB10,13
MB11,13
MB12,13
MB13,13
MB14,13
MB15,13
MB16,13
MB17,13
MB18,13
MB19,13
MB20,13
MB21,13
MB22,13
MB23,13
MB24,13
MB25,13
MB26,13
MB27,13
MB28,13
MB29,13
MB30,13
MB31,13
MB32,13
MB33,13
MB34,13
MB35,13
MB36,13
MB37,13
MB38,13
MB39,13
MB40,13
MB41,13
MB42,13
MB43,13
MB44,13
MB45,13
MB46,13
MB47,13
MB48,13
MB49,13
MB50,13
MB51,13
MB52,13
MB53,13
MB54,13
MB55,13
MB56,13
MB57,13
MB58,13
MB59,13
MB60,13
MB61,13
MB62,13
MB63,13
MB64,13
MB65,13
MB66,13
MB67,13
MB68,13
MB69,13
MB70,13
MB71,13
MB72,13
MB73,13
MB74,13
MB75,13
MB76,13
MB77,13
MB78,13
MB79,13
MB80,13
MB81,13
MB82,13
MB83,13
MB84,13
MB85,13
MB86,13
MB87,13
MB88,13
MB89,13
MB90,13
MB91,13
MB92,13
MB93,13
MB94,13
MB95,13
MB96,13
MB97,13
MB98,13
MB99,13
MC00,13
MC01,13
MC02,13
MC10,13
MC11,13
MC12,13
MC20,13
MC21,13
MC22,13
MC30,13
MC31,13
MC32,13
MC40,13
MC41,13
MC42,13
MC51,13
MC60,13
MC70,13
MC80,13
MC81,13
MC90,13
MC91,13
MD49,131
MD66,111
MD67,111
MD76,111
MD77,111
ME40,131
ME41,131
ME50,131
ME51,131
MF81,10
MF82,10
MH10,207
MI52,33
MI53,33
MI54,33
MI62,33
MI63,33
MI64,33
MI69,159
MJ59,142
MJ60,159
MJ61,159
MJ62,159
MJ63,159
MJ64,159
MJ65,159
MJ66,159
MJ68,142
MJ69,142
MJ88,324
MJ89,324
MJ96,315
MJ97,315
MK50,142
MK51,142
MK52,142
MK60,142
MK61,142
MK62,142
MK65,324
MK66,324
MK67,324
MK68,324
MK69,324
MK72,324
MK73,324
MK74,324
MK75,324
MK76,324
MK77,324
MK78,324
MK79,324
MK80,324
MK81,324
MK82,324
MK83,324
MK84,324
MK85,324
MK86,324
MK87,324
MK88,324
MK89,324
MK90,324
MK91,324
MK92,324
MK93,324
MK94,324
MK95,324
MK96,324
MK97,324
MK98,324
MK99,324
ML07,330
ML15,372
ML25,372
ML26,372
ML27,372
ML28,372
ML33,372
ML34,372
ML35,372
ML36,372
ML37,372
ML38,372
ML41,324
ML42,324
ML45,372
ML48,372
ML49,372
ML50,324
ML51,324
ML52,324
ML53,324
ML59,372
ML60,324
ML61,324
ML62,324
ML63,324
ML64,324
ML65,324
ML66,324
ML67,324
ML70,324
ML71,324
ML72,324
ML73,324
ML74,324
ML75,324
ML76,324
ML77,324
ML78,324
ML79,324
ML80,324
ML81,324
ML82,324
ML83,324
ML84,324
ML85,324
ML86,324
ML87,324
ML88,324
ML89,324
ML90,324
ML91,324
ML92,324
ML93,324
ML94,324
ML95,324
ML96,324
ML97,324
ML98,324
ML99,324
MM08,280
MM09,280
MM10,3
MM11,3
MM12,3
MM13,3
MM14,3
MM17,280
MM18,280
MM20,3
MM21,3
MM22,3
MM23,3
MM24,3
MM32,3
MM33,3
MM34,3
MM35,3
MM40,372
MM45,3
MM50,372
MM51,372
MM52,372
MM61,372
MM62,372
MM65,372
MM79,318
MM80,324
MM81,324
MM82,324
MM83,324
MM87,318
MM88,318
MM89,318
MM96,318
MM97,318
MM98,318
MM99,318
MN05,130
MN06,130
MN07,130
MN08,130
MN09,130
MN11,292
MN12,292
MN14,130
MN15,130
MN16,130
MN17,130
MN18,130
MN19,130
MN20,292
MN21,292
MN24,130
MN25,130
MN26,130
MN27,130
MN28,130
MN29,130
MN33,130
MN34,130
MN35,130
MN36,130
MN37,130
MN38,130
MN39,130
MN42,130
MN43,130
MN44,130
MN45,130
MN46,130
MN47,130
MN48,130
MN49,130
MN53,130
MN54,130
MN55,130
MN56,130
MN57,130
MN58,130
MN59,130
MN64,130
MN65,130
MN66,130
MN67,130
MN68,130
MN69,130
MN71,135
MN74,130
MN75,130
MN76,130
MN77,130
MN78,130
MN79,130
MN83,130
MN84,130
MN85,130
MN86,130
MN87,130
MN88,130
MN89,130
MN90,318
MN93,130
MN95,130
MN96,130
MN97,130
MN98,130
MN99,130
MO05,15
MO06,15
MO07,15
MO08,15
MO09,15
MO10,130
MO11,130
MO12,130
MO13,130
MO15,15
MO16,15
MO17,15
MO18,15
MO19,15
MO20,130
MO21,130
MO22,130
MO23,130
MO25,15
MO26,15
MO27,15
MO28,15
MO29,15
MO30,130
MO31,130
MO32,130
MO33,130
MO35,15
MO36,15
MO37,15
MO38,15
MO39,15
MO40,130
MO41,130
MO42,130
MO43,130
MO46,15
MO47,15
MO48,15
MO49,15
MO50,130
MO51,130
MO52,130
MO53,130
MO56,15
MO57,15
MO58,15
MO59,15
MO60,130
MO61,130
MO62,130
MO65,15
MO66,15
MO67,15
MO68,15
MO69,15
MO70,130
MO71,130
MO72,130
MO75,15
MO76,15
MO77,15
MO78,15
MO79,15
MO80,130
MO81,130
MO82,130
MO85,15
MO86,15
MO87,15
MO88,15
MO89,15
MO94,15
MO95,15
MO96,15
MO97,15
MO98,15
MO99,15
MP00,15
MP01,15
MP02,15
MP03,15
MP04,15
MP05,15
MP08,54
MP09,54
MP10,15
MP11,15
MP12,15
MP13,15
MP14,15
MP15,15
MP16,15
MP19,54
MP20,15
MP21,15
MP22,15
MP23,15
MP24,15
MP25,15
MP26,15
MP30,15
MP31,15
MP32,15
MP33,15
MP34,15
MP35,15
MP36,15
MP37,15
MP38,15
MP39,15
MP40,15
MP41,15
MP42,15
MP43,15
MP44,15
MP45,15
MP46,15
MP47,15
MP48,15
MP49,15
MP50,15
MP51,15
MP52,15
MP53,15
MP54,15
MP55,15
MP56,15
MP57,15
MP58,15
MP59,15
MP60,15
MP61,15
MP62,15
MP63,15
MP64,15
MP65,15
MP66,15
MP67,15
MP68,15
MP69,15
MP70,15
MP71,15
MP72,15
MP73,15
MP74,15
MP75,15
MP76,15
MP77,15
MP78,15
MP79,15
MP80,15
MP81,15
MP82,15
MP83,15
MP84,15
MP85,15
MP86,15
MP87,15
MP88,15
MP89,15
MP90,15
MP91,15
MP92,15
MP93,15
MP94,15
MP95,15
MP96,15
MP97,15
MP98,15
MP99,15
MQ04,54
MQ05,54
MQ06,54
MQ09,61
MQ15,54
MQ16,54
MQ25,54
MQ26,54
MQ30,15
MQ31,15
MQ35,54
MQ36,54
MQ40,15
MQ41,15
MQ42,15
MQ43,15
MQ46,54
MQ50,15
MQ51,15
MQ52,15
MQ53,15
MQ60,15
MQ61,15
MQ62,15
MQ70,15
MQ71,15
MQ72,15
MQ80,15
MQ81,15
MQ82,15
MQ90,15
MQ91,15
MQ92,15
MR00,61
MR01,61
MR02,61
MR10,61
MR11,61
MR20,61
MR21,61
MR30,61
MR31,61
NA00,13
NA01,13
NA02,13
NA03,13
NA04,13
NA05,13
NA06,13
NA07,13
NA08,13
NA09,13
NA10,13
NA11,13
NA12,13
NA13,13
NA14,13
NA15,13
NA16,13
NA17,13
NA18,13
NA19,13
NA20,13
NA21,13
NA22,13
NA23,13
NA24,13
NA25,13
NA26,13
NA27,13
NA28,13
NA29,13
NA30,13
NA31,13
NA32,13
NA33,13
NA34,13
NA35,13
NA36,13
NA37,13
NA38,13
NA39,13
NA40,13
NA41,13
NA42,13
NA43,13
NA44,13
NA45,13
NA46,13
NA47,13
NA48,13
NA49,13
NA50,13
NA51,13
NA52,13
NA53,13
NA54,13
NA55,13
NA56,13
NA57,13
NA58,13
NA59,13
NA60,13
NA61,13
NA62,13
NA63,13
NA64,13
NA65,13
NA66,13
NA67,13
NA68,13
NA69,13
NA70,13
NA71,13
NA72,13
NA73,13
NA74,13
NA75,13
NA76,13
NA77,13
NA78,13
NA79,13
NA80,13
NA81,13
NA82,13
NA83,13
NA84,13
NA85,13
NA86,13
NA87,13
NA88,13
NA89,13
NA90,13
NA91,13
NA92,13
NA93,13
NA94,13
NA95,13
NA96,13
NA97,13
NA98,13
NA99,13
NB00,13
NB01,13
NB02,13
NB03,13
NB04,13
NB05,13
NB06,13
NB07,13
NB08,13
NB09,13
NB10,13
NB11,13
NB12,13
NB13,13
NB14,13
NB15,13
NB16,13
NB17,13
NB18,13
NB19,13
NB20,13
NB21,13
NB22,13
NB23,13
NB24,13
NB25,13
NB26,13
NB27,13
NB28,13
NB29,13
NB30,13
NB31,13
NB32,13
NB33,13
NB34,13
NB35,13
NB36,13
NB37,13
NB38,13
NB39,13
NB40,13
NB41,13
NB42,13
NB43,13
NB44,13
NB45,13
NB46,13
NB47,13
NB48,13
NB49,13
NB50,13
NB51,13
NB52,13
NB53,13
NB54,13
NB55,13
NB56,13
NB57,13
NB58,13
NB59,13
NB60,13
NB61,13
NB62,13
NB63,13
NB64,13
NB65,13
NB66,13
NB67,13
NB68,13
NB69,13
NB70,13
NB71,13
NB72,13
NB73,13
NB74,13
NB75,13
NB76,13
NB77,13
NB78,13
NB79,13
NB80,13
NB81,13
NB82,13
NB83,13
NB84,13
NB85,13
NB86,13
NB87,13
NB88,13
NB89,13
NB90,13
NB91,13
NB92,13
NB93,13
NB94,13
NB95,13
NB96,13
NB97,13
NB98,13
NB99,13
NC00,13
NC01,13
NC02,13
NC10,13
NC11,13
NC12,13
NC20,13
NC21,13
NC22,13
NC23,13
NC30,13
NC31,13
NC32,13
NC33,13
NC40,13
NC41,13
NC42,13
NC43,13
NC50,13
NC51,13
NC52,13
NC53,13
NC60,13
NC61,13
NC62,13
NC63,13
NC64,13
NC70,13
NC71,13
NC72,13
NC73,13
NC80,13
NC81,13
NC82,13
NC83,13
NC90,13
NC91,13
NC92,13
NC93,13
NH87,38
NH88,38
NI97,327
NI98,327
NI99,327
NJ05,315
NJ06,315
NJ07,315
NJ08,315
NJ09,315
NJ66,11
NJ67,11
NJ68,11
NJ69,11
NJ72,327
NJ74,327
NJ75,327
NJ76,11
NJ77,11
NJ80,327
NJ81,327
NJ82,327
NJ83,327
NJ84,327
NJ85,327
NJ89,387
NJ90,327
NJ91,327
NJ92,327
NJ93,327
NJ94,327
NJ96,387
NJ97,387
NJ98,387
NK02,324
NK03,324
NK04,324
NK05,324
NK06,324
NK07,324
NK08,324
NK09,324
NK16,324
NK17,324
NK18,324
NK19,324
NK28,324
NK29,324
NK39,324
NK51,11
NK60,11
NK61,11
NK62,11
NK63,11
NK64,309
NK68,309
NK69,309
NK72,11
NK73,11
NK75,309
NK76,309
NK77,309
NK78,309
NK79,309
NK80,309
NK81,309
NK82,309
NK83,309
NK84,309
NK85,309
NK86,309
NK98,387
NL00,324
NL01,324
NL02,324
NL03,324
NL04,324
NL05,324
NL06,324
NL10,324
NL11,324
NL12,324
NL13,324
NL14,324
NL15,324
NL16,324
NL18,369
NL20,324
NL21,324
NL22,324
NL23,324
NL24,324
NL25,324
NL30,324
NL31,324
NL32,324
NL33,324
NL34,324
NL35,324
NL39,318
NL49,318
NL51,305
NL59,318
NL69,318
NL70,309
NL71,309
NL72,309
NL80,309
NL81,309
NL82,309
NL86,309
NL99,318
NM01,318
NM02,318
NM03,318
NM04,318
NM05,318
NM06,318
NM07,318
NM08,318
NM09,318
NM11,318
NM12,318
NM13,318
NM14,318
NM15,318
NM16,318
NM17,318
NM18,318
NM19,318
NM20,318
NM21,318
NM22,318
NM23,318
NM24,318
NM25,318
NM26,318
NM27,318
NM28,318
NM29,318
NM30,318
NM31,318
NM32,318
NM33,318
NM34,318
NM35,318
NM36,318
NM37,318
NM38,318
NM39,318
NM40,318
NM41,318
NM42,318
NM43,318
NM44,318
NM45,318
NM46,318
NM47,318
NM48,318
NM49,318
NM50,318
NM51,318
NM52,318
NM53,318
NM54,318
NM55,318
NM56,318
NM57,318
NM58,318
NM59,318
NM60,318
NM61,318
NM62,318
NM63,318
NM64,318
NM65,318
NM66,318
NM67,318
NM68,318
NM69,318
NM70,318
NM71,318
NM72,318
NM73,318
NM74,318
NM75,318
NM76,318
NM77,318
NM78,318
NM79,318
NM80,318
NM81,318
NM82,318
NM83,318
NM84,318
NM85,318
NM86,318
NM87,318
NM88,318
NM89,318
NM90,318
NM91,318
NM92,318
NM93,318
NM94,318
NM95,318
NM96,318
NM97,318
NM98,318
NM99,318
NN00,318
NN01,318
NN06,130
NN07,130
NN08,130
NN09,130
NN10,318
NN11,318
NN12,318
NN13,318
NN14,318
NN18,130
NN19,130
NN20,318
NN21,318
NN22,318
NN23,318
NN24,318
NN25,318
NN30,318
NN31,318
NN32,318
NN33,318
NN34,318
NN35,318
NN36,318
NN37,318
NN40,318
NN41,318
NN42,318
NN43,318
NN44,318
NN45,318
NN46,318
NN50,318
NN51,318
NN52,318
NN53,318
NN54,318
NN58,363
NN59,363
NN60,318
NN61,318
NN62,318
NN63,318
NN66,363
NN67,363
NN68,363
NN69,363
NN70,318
NN71,318
NN72,318
NN75,363
NN76,363
NN77,363
NN78,363
NN80,318
NN81,318
NN84,363
NN85,363
NN86,363
NN87,363
NN88,363
NN90,318
NN91,318
NN93,363
NN94,363
NN95,363
NN96,363
NN97,363
NN98,363
NN99,363
NO02,15
NO03,15
NO04,15
NO05,15
NO06,15
NO07,15
NO08,15
NO09,15
NO12,15
NO13,15
NO14,15
NO15,15
NO16,15
NO17,15
NO18,15
NO19,15
NO21,15
NO22,15
NO23,15
NO24,15
NO25,15
NO26,15
NO27,15
NO28,15
NO29,15
NO30,15
NO31,15
NO32,15
NO33,15
NO34,15
NO35,15
NO36,15
NO37,15
NO38,15
NO39,15
NO41,15
NO42,15
NO43,15
NO44,15
NO45,15
NO46,15
NO47,15
NO48,15
NO49,15
NO51,15
NO52,15
NO53,15
NO54,15
NO55,15
NO56,15
NO57,15
NO58,15
NO59,15
NO61,15
NO62,15
NO63,15
NO64,15
NO65,15
NO66,15
NO67,15
NO68,15
NO69,15
NO71,15
NO72,15
NO73,15
NO74,15
NO75,15
NO76,15
NO77,15
NO78,15
NO79,15
NO82,15
NO83,15
NO84,15
NO85,15
NO86,15
NO87,15
NO88,15
NO89,15
NO93,15
NO94,15
NO95,15
NO96,15
NO97,15
NO98,15
NO99,15
NP00,15
NP01,15
NP02,15
NP03,15
NP04,15
NP05,15
NP06,15
NP07,15
NP08,15
NP09,15
NP10,15
NP11,15
NP12,15
NP13,15
NP14,15
NP15,15
NP16,15
NP17,15
NP18,15
NP19,15
NP20,15
NP21,15
NP22,15
NP23,15
NP24,15
NP25,15
NP26,15
NP27,15
NP28,15
NP29,15
NP30,15
NP31,15
NP32,15
NP33,15
NP34,15
NP35,15
NP36,15
NP37,15
NP38,15
NP39,15
NP40,15
NP41,15
NP42,15
NP43,15
NP44,15
NP45,15
NP46,15
NP47,15
NP48,15
NP49,15
NP50,15
NP51,15
NP52,15
NP53,15
NP54,15
NP55,15
NP56,15
NP57,15
NP58,15
NP59,15
NP60,15
NP61,15
NP62,15
NP63,15
NP64,15
NP65,15
NP66,15
NP67,15
NP68,15
NP69,15
NP70,15
NP71,15
NP72,15
NP73,15
NP74,15
NP75,15
NP76,15
NP77,15
NP78,15
NP79,15
NP80,15
NP81,15
NP82,15
NP83,15
NP84,15
NP85,15
NP86,15
NP87,15
NP88,15
NP89,15
NP90,15
NP91,15
NP92,15
NP93,15
NP94,15
NP95,15
NP96,15
NP97,15
NP98,15
NP99,15
NQ00,15
NQ01,15
NQ02,15
NQ03,15
NQ10,15
NQ11,15
NQ12,15
NQ13,15
NQ20,15
NQ21,15
NQ22,15
NQ23,15
NQ30,15
NQ31,15
NQ32,15
NQ33,15
NQ34,15
NQ35,15
NQ40,15
NQ41,15
NQ42,15
NQ43,15
NQ44,15
NQ45,15
NQ50,15
NQ51,15
NQ52,15
NQ53,15
NQ54,15
NQ55,15
NQ60,15
NQ61,15
NQ62,15
NQ63,15
NQ64,15
NQ65,15
NQ66,15
NQ70,15
NQ71,15
NQ72,15
NQ73,15
NQ74,15
NQ75,15
NQ76,15
NQ80,15
NQ81,15
NQ82,15
NQ83,15
NQ84,15
NQ85,15
NQ86,15
NQ90,15
NQ91,15
NQ92,15
NQ93,15
NQ94,15
NQ95,15
NQ96,15
NQ97,15
NQ98,15
OA00,13
OA01,13
OA02,13
OA03,13
OA04,13
OA05,13
OA06,13
OA07,13
OA08,13
OA09,13
OA10,13
OA11,13
OA12,13
OA13,13
OA14,13
OA15,13
OA16,13
OA17,13
OA18,13
OA19,13
OA20,13
OA21,13
OA22,13
OA23,13
OA24,13
OA25,13
OA26,13
OA27,13
OA28,13
OA29,13
OA30,13
OA31,13
OA32,13
OA33,13
OA34,13
OA35,13
OA36,13
OA37,13
OA38,13
OA39,13
OA40,13
OA41,13
OA42,13
OA43,13
OA44,13
OA45,13
OA46,13
OA47,13
OA48,13
OA49,13
OA50,13
OA51,13
OA52,13
OA53,13
OA54,13
OA55,13
OA56,13
OA57,13
OA58,13
OA59,13
OA60,13
OA61,13
OA62,13
OA63,13
OA64,13
OA65,13
OA66,13
OA67,13
OA68,13
OA69,13
OA70,13
OA71,13
OA72,13
OA73,13
OA74,13
OA75,13
OA76,13
OA77,13
OA78,13
OA79,13
OA80,13
OA81,13
OA82,13
OA83,13
OA84,13
OA85,13
OA86,13
OA87,13
OA88,13
OA89,13
OA90,13
OA91,13
OA92,13
OA93,13
OA94,13
OA95,13
OA96,13
OA97,13
OA98,13
OA99,13
OB00,13
OB01,13
OB02,13
OB03,13
OB04,13
OB05,13
OB06,13
OB07,13
OB08,13
OB09,13
OB10,13
OB11,13
OB12,13
OB13,13
OB14,13
OB15,13
OB16,13
OB17,13
OB18,13
OB19,13
OB20,13
OB21,13
OB22,13
OB23,13
OB24,13
OB25,13
OB26,13
OB27,13
OB28,13
OB29,13
OB30,13
OB31,13
OB32,13
OB33,13
OB34,13
OB35,13
OB36,13
OB37,13
OB38,13
OB39,13
OB40,13
OB41,13
OB42,13
OB43,13
OB44,13
OB45,13
OB46,13
OB47,13
OB48,13
OB49,13
OB50,13
OB51,13
OB52,13
OB53,13
OB54,13
OB55,13
OB56,13
OB57,13
OB58,13
OB59,13
OB60,13
OB61,13
OB62,13
OB63,13
OB64,13
OB65,13
OB66,13
OB67,13
OB68,13
OB69,13
OB70,13
OB71,13
OB72,13
OB73,13
OB74,13
OB75,13
OB76,13
OB77,13
OB78,13
OB79,13
OB80,13
OB81,13
OB82,13
OB83,13
OB84,13
OB85,13
OB86,13
OB87,13
OB88,13
OB89,13
OB90,13
OB91,13
OB92,13
OB93,13
OB94,13
OB95,13
OB96,13
OB97,13
OB98,13
OB99,13
OC00,13
OC01,13
OC02,13
OC03,13
OC04,13
OC10,13
OC11,13
OC12,13
OC13,13
OC14,13
OC20,13
OC21,13
OC22,13
OC23,13
OC24,13
OC30,13
OC31,13
OC32,13
OC33,13
OC40,13
OC41,13
OC42,13
OC43,13
OC50,13
OC51,13
OC52,13
OC53,13
OC54,13
OC60,13
OC61,13
OC62,13
OC63,13
OC64,13
OC70,13
OC71,13
OC72,13
OC73,13
OC80,13
OC81,13
OC82,13
OC83,13
OC90,13
OC91,13
OC92,13
OC93,13
OF75,150
OF76,150
OF77,150
OF78,150
OF79,150
OF84,150
OF85,150
OF86,150
OF87,150
OF88,150
OF89,150
OF94,150
OF95,150
OF96,150
OF97,150
OF98,150
OF99,150
OG61,150
OG62,150
OG63,150
OG64,150
OG65,150
OG66,150
OG67,150
OG68,150
OG70,150
OG71,150
OG72,150
OG73,150
OG74,150
OG75,150
OG76,150
OG77,150
OG78,150
OG79,150
OG80,150
OG81,150
OG82,150
OG83,150
OG84,150
OG85,150
OG86,150
OG87,150
OG88,150
OG89,150
OG90,150
OG91,150
OG92,150
OG93,150
OG94,150
OG95,150
OG96,150
OG97,150
OG98,150
OG99,150
OH29,35
OH90,150
OH99,327
OI06,327
OI07,327
OI08,327
OI09,327
OI14,327
OI15,327
OI16,327
OI17,327
OI18,327
OI19,327
OI23,327
OI24,327
OI25,327
OI26,327
OI27,327
OI28,327
OI29,327
OI32,327
OI33,327
OI34,327
OI36,327
OI37,327
OI38,327
OI42,327
OI43,327
OI46,327
OI47,327
OI48,327
OI49,327
OI51,327
OI52,327
OI53,327
OI54,327
OI56,327
OI57,327
OI58,327
OI59,327
OI61,327
OI62,327
OI63,327
OI64,327
OI66,327
OI67,327
OI68,327
OI69,327
OI71,327
OI72,327
OI73,327
OI75,327
OI76,327
OI77,327
OI78,327
OI79,327
OI80,327
OI81,327
OI85,327
OI86,327
OI87,327
OI88,327
OI89,327
OI90,327
OI91,327
OI94,327
OI95,327
OI96,327
OI97,327
OI98,327
OI99,327
OJ00,327
OJ01,327
OJ03,299
OJ04,299
OJ07,387
OJ08,387
OJ09,387
OJ10,327
OJ12,299
OJ13,299
OJ14,299
OJ15,299
OJ20,327
OJ23,327
OJ28,293
OJ29,293
OJ30,327
OJ31,327
OJ32,327
OJ33,327
OJ34,327
OJ38,293
OJ39,293
OJ40,327
OJ43,327
OJ44,327
OJ52,46
OJ60,327
OJ62,46
OJ63,46
OJ70,327
OJ79,247
OJ80,327
OJ81,327
OJ82,327
OJ83,327
OJ85,46
OJ86,46
OJ87,375
OJ88,375
OJ89,375
OJ90,327
OJ91,327
OJ92,327
OJ96,375
OJ97,375
OJ98,375
OJ99,375
OK02,387
OK03,387
OK04,387
OK05,387
OK06,387
OK15,387
OK16,387
OK22,312
OK38,293
OK39,293
OK40,293
OK41,293
OK42,293
OK43,293
OK44,293
OK45,293
OK46,293
OK48,318
OK49,318
OK55,318
OK56,318
OK58,318
OK59,318
OK66,318
OK70,247
OK71,247
OK85,506
OK90,375
OK91,375
OK92,375
OK95,375
OK96,375
OL03,318
OL04,318
OL05,318
OL06,318
OL07,318
OL08,318
OL09,318
OL13,318
OL14,318
OL15,318
OL16,318
OL17,318
OL18,318
OL19,318
OL21,293
OL24,318
OL25,318
OL26,318
OL27,318
OL28,318
OL29,318
OL30,293
OL33,318
OL34,318
OL35,318
OL36,318
OL37,318
OL38,318
OL39,318
OL40,318
OL41,318
OL42,318
OL43,318
OL44,318
OL45,318
OL46,318
OL47,318
OL48,318
OL49,318
OL50,318
OL51,318
OL52,318
OL53,318
OL54,318
OL55,318
OL56,318
OL57,318
OL58,318
OL59,318
OL61,318
OL63,318
OL64,318
OL65,318
OL66,318
OL67,318
OL68,318
OL69,318
OL73,318
OL74,318
OL75,318
OL76,318
OL77,318
OL78,318
OL79,318
OL80,505
OL82,318
OL83,318
OL84,318
OL85,318
OL86,318
OL87,318
OL88,318
OL89,318
OL93,386
OL95,318
OL96,318
OL97,318
OL98,318
OL99,318
OM00,318
OM01,318
OM02,318
OM03,318
OM04,318
OM05,318
OM06,318
OM07,318
OM08,318
OM09,318
OM10,318
OM11,318
OM12,318
OM13,318
OM14,318
OM15,318
OM16,318
OM17,318
OM18,318
OM19,318
OM20,318
OM21,318
OM22,318
OM23,318
OM24,318
OM25,318
OM26,318
OM27,318
OM28,318
OM29,318
OM30,318
OM31,318
OM32,318
OM33,318
OM34,318
OM35,318
OM36,318
OM37,318
OM38,318
OM39,318
OM40,318
OM41,318
OM42,318
OM43,318
OM44,318
OM45,318
OM46,318
OM47,318
OM48,318
OM49,318
OM50,318
OM51,318
OM52,318
OM53,318
OM54,318
OM55,318
OM56,318
OM57,318
OM58,318
OM59,318
OM60,318
OM61,318
OM62,318
OM63,318
OM64,318
OM65,318
OM66,318
OM67,318
OM68,318
OM69,318
OM70,318
OM71,318
OM72,318
OM73,318
OM74,318
OM75,318
OM76,318
OM77,318
OM78,318
OM79,318
OM80,318
OM81,318
OM82,318
OM83,318
OM84,318
OM85,318
OM86,318
OM87,318
OM88,318
OM89,318
OM90,318
OM91,318
OM92,318
OM93,318
OM94,318
OM95,318
OM96,318
OM97,318
OM98,318
OM99,318
ON00,318
ON01,318
ON03,363
ON04,363
ON05,363
ON06,363
ON07,363
ON08,363
ON09,363
ON10,318
ON13,363
ON14,363
ON15,363
ON16,363
ON17,363
ON18,363
ON19,363
ON20,318
ON23,363
ON24,363
ON25,363
ON26,363
ON27,363
ON28,363
ON29,363
ON30,318
ON31,318
ON33,363
ON34,363
ON35,363
ON36,363
ON37,363
ON38,363
ON40,318
ON41,318
ON43,363
ON44,363
ON45,363
ON46,363
ON47,363
ON48,363
ON50,318
ON51,318
ON56,363
ON57,363
ON58,363
ON60,318
ON61,318
ON62,318
ON63,318
ON66,363
ON67,363
ON68,363
ON70,318
ON71,318
ON72,318
ON73,318
ON76,363
ON80,318
ON81,318
ON82,318
ON83,318
ON84,318
ON90,318
ON91,318
ON92,318
ON93,318
ON94,318
ON95,318
OO00,363
OO02,15
OO03,15
OO04,15
OO05,15
OO06,15
OO07,15
OO08,15
OO09,15
OO12,15
OO13,15
OO14,15
OO15,15
OO16,15
OO17,15
OO18,15
OO19,15
OO21,15
OO22,15
OO23,15
OO24,15
OO25,15
OO26,15
OO27,15
OO28,15
OO29,15
OO31,15
OO32,15
OO33,15
OO34,15
OO35,15
OO36,15
OO37,15
OO38,15
OO39,15
OO40,15
OO41,15
OO42,15
OO43,15
OO44,15
OO45,15
OO46,15
OO47,15
OO48,15
OO49,15
OO50,15
OO51,15
OO52,15
OO53,15
OO54,15
OO55,15
OO56,15
OO57,15
OO58,15
OO59,15
OO61,15
OO62,15
OO63,15
OO64,15
OO65,15
OO66,15
OO67,15
OO68,15
OO69,15
OO71,15
OO72,15
OO73,15
OO74,15
OO75,15
OO76,15
OO77,15
OO78,15
OO79,15
OO81,15
OO82,15
OO83,15
OO84,15
OO85,15
OO86,15
OO87,15
OO88,15
OO89,15
OO92,15
OO93,15
OO94,15
OO95,15
OO96,15
OO97,15
OO98,15
OO99,15
OP00,15
OP01,15
OP02,15
OP03,15
OP04,15
OP05,15
OP06,15
OP07,15
OP08,15
OP09,15
OP10,15
OP11,15
OP12,15
OP13,15
OP14,15
OP15,15
OP16,15
OP17,15
OP18,15
OP19,15
OP20,15
OP21,15
OP22,15
OP23,15
OP24,15
OP25,15
OP26,15
OP27,15
OP28,15
OP29,15
OP30,15
OP31,15
OP32,15
OP33,15
OP34,15
OP35,15
OP36,15
OP37,15
OP38,15
OP39,15
OP40,15
OP41,15
OP42,15
OP43,15
OP44,15
OP45,15
OP46,15
OP47,15
OP48,15
OP49,15
OP50,15
OP51,15
OP52,15
OP53,15
OP54,15
OP55,15
OP56,15
OP57,15
OP58,15
OP59,15
OP60,15
OP61,15
OP62,15
OP63,15
OP64,15
OP65,15
OP66,15
OP67,15
OP68,15
OP69,15
OP70,15
OP71,15
OP72,15
OP73,15
OP74,15
OP75,15
OP76,15
OP77,15
OP78,15
OP79,15
OP80,15
OP81,15
OP82,15
OP83,15
OP84,15
OP85,15
OP86,15
OP87,15
OP88,15
OP89,15
OP90,15
OP91,15
OP92,15
OP93,15
OP94,15
OP95,15
OP96,15
OP97,15
OP98,15
OP99,15
OQ00,15
OQ01,15
OQ02,15
OQ03,15
OQ04,15
OQ05,15
OQ06,15
OQ07,15
OQ08,15
OQ09,15
OQ10,15
OQ11,15
OQ12,15
OQ13,15
OQ14,15
OQ15,15
OQ16,15
OQ17,15
OQ18,15
OQ19,15
OQ20,15
OQ21,15
OQ22,15
OQ23,15
OQ24,15
OQ25,15
OQ26,15
OQ27,15
OQ28,15
OQ29,15
OQ30,15
OQ31,15
OQ32,15
OQ33,15
OQ34,15
OQ35,15
OQ36,15
OQ37,15
OQ40,15
OQ41,15
OQ42,15
OQ43,15
OQ44,15
OQ45,15
OQ46,15
OQ50,15
OQ51,15
OQ52,15
OQ53,15
OQ54,15
OQ55,15
OQ56,15
OQ60,15
OQ61,15
OQ62,15
OQ63,15
OQ64,15
OQ65,15
OQ66,15
OQ70,15
OQ71,15
OQ72,15
OQ73,15
OQ75,15
OQ80,15
OQ81,15
OQ82,15
OQ83,15
OQ90,15
OQ91,15
OQ92,15
OQ93,15
PA00,13
PA01,13
PA02,13
PA03,13
PA04,13
PA05,13
PA06,13
PA07,13
PA08,13
PA09,13
PA10,13
PA11,13
PA12,13
PA13,13
PA14,13
PA15,13
PA16,13
PA17,13
PA18,13
PA19,13
PA20,13
PA21,13
PA22,13
PA23,13
PA24,13
PA25,13
PA26,13
PA27,13
PA28,13
PA29,13
PA30,13
PA31,13
PA32,13
PA33,13
PA34,13
PA35,13
PA36,13
PA37,13
PA38,13
PA39,13
PA40,13
PA41,13
PA42,13
PA43,13
PA44,13
PA45,13
PA46,13
PA47,13
PA48,13
PA49,13
PA50,13
PA51,13
PA52,13
PA53,13
PA54,13
PA55,13
PA56,13
PA57,13
PA58,13
PA59,13
PA60,13
PA61,13
PA62,13
PA63,13
PA64,13
PA65,13
PA66,13
PA67,13
PA68,13
PA69,13
PA70,13
PA71,13
PA72,13
PA73,13
PA74,13
PA75,13
PA76,13
PA77,13
PA78,13
PA79,13
PA80,13
PA81,13
PA82,13
PA83,13
PA84,13
PA85,13
PA86,13
PA87,13
PA88,13
PA89,13
PA90,13
PA91,13
PA92,13
PA93,13
PA94,13
PA95,13
PA96,13
PA97,13
PA98,13
PA99,13
PB00,13
PB01,13
PB02,13
PB03,13
PB04,13
PB05,13
PB06,13
PB07,13
PB08,13
PB09,13
PB10,13
PB11,13
PB12,13
PB13,13
PB14,13
PB15,13
PB16,13
PB17,13
PB18,13
PB19,13
PB20,13
PB21,13
PB22,13
PB23,13
PB24,13
PB25,13
PB26,13
PB27,13
PB28,13
PB29,13
PB30,13
PB31,13
PB32,13
PB33,13
PB34,13
PB35,13
PB36,13
PB37,13
PB38,13
PB39,13
PB40,13
PB41,13
PB42,13
PB43,13
PB44,13
PB45,13
PB46,13
PB47,13
PB48,13
PB49,13
PB50,13
PB51,13
PB52,13
PB53,13
PB54,13
PB55,13
PB56,13
PB57,13
PB58,13
PB59,13
PB60,13
PB61,13
PB62,13
PB63,13
PB64,13
PB65,13
PB66,13
PB67,13
PB68,13
PB69,13
PB70,13
PB71,13
PB72,13
PB73,13
PB74,13
PB75,13
PB76,13
PB77,13
PB78,13
PB79,13
PB80,13
PB81,13
PB82,13
PB83,13
PB84,13
PB85,13
PB86,13
PB87,13
PB88,13
PB89,13
PB90,13
PB91,13
PB92,13
PB93,13
PB94,13
PB95,13
PB96,13
PB97,13
PB98,13
PB99,13
PC00,13
PC01,13
PC02,13
PC03,13
PC10,13
PC11,13
PC12,13
PC13,13
PC20,13
PC21,13
PC22,13
PC23,13
PC30,13
PC31,13
PC32,13
PC33,13
PC40,13
PC41,13
PC42,13
PC43,13
PC50,13
PC51,13
PC52,13
PC53,13
PC60,13
PC61,13
PC62,13
PC63,13
PC70,13
PC71,13
PC72,13
PC73,13
PC80,13
PC81,13
PC82,13
PC83,13
PC90,13
PC91,13
PC92,13
PC93,13
PF06,150
PF07,150
PF08,150
PF09,150
PF15,150
PF16,150
PF17,150
PF18,150
PF19,150
PF26,150
PF27,150
PF28,150
PF29,150
PF37,150
PF38,150
PF39,150
PF47,150
PF48,150
PF49,150
PF58,150
PF59,150
PF67,150
PF68,150
PF69,150
PF74,150
PF75,150
PF76,150
PF77,150
PF78,150
PF79,150
PF83,150
PF84,150
PF85,150
PF86,150
PF87,150
PF88,150
PF89,150
PF92,150
PF93,150
PF94,150
PF95,150
PF96,150
PF97,150
PF98,150
PF99,150
PG00,150
PG01,150
PG02,150
PG03,150
PG04,150
PG05,150
PG06,150
PG07,150
PG08,150
PG09,150
PG10,150
PG11,150
PG12,150
PG13,150
PG14,150
PG15,150
PG16,150
PG17,150
PG18,150
PG19,150
PG20,150
PG21,150
PG22,150
PG23,150
PG24,150
PG25,150
PG26,150
PG27,150
PG28,150
PG29,150
PG30,150
PG31,150
PG32,150
PG33,150
PG34,150
PG35,150
PG36,150
PG37,150
PG38,150
PG39,150
PG40,150
PG41,150
PG42,150
PG43,150
PG44,150
PG45,150
PG46,150
PG47,150
PG48,150
PG49,150
PG50,150
PG51,150
PG52,150
PG53,150
PG54,150
PG55,150
PG56,150
PG57,150
PG58,150
PG59,150
PG60,150
PG61,150
PG62,150
PG63,150
PG64,150
PG65,150
PG66,150
PG67,150
PG68,150
PG69,150
PG70,150
PG71,150
PG72,150
PG73,150
PG74,150
PG75,150
PG76,150
PG77,150
PG78,150
PG79,150
PG80,150
PG81,150
PG82,150
PG83,150
PG84,150
PG85,150
PG86,150
PG87,150
PG88,150
PG89,150
PG90,150
PG91,150
PG92,150
PG93,150
PG94,150
PG95,150
PG96,150
PG97,150
PG98,150
PG99,150
PH00,150
PH01,150
PH09,327
PH10,150
PH11,150
PH12,150
PH13,150
PH19,327
PH20,150
PH21,150
PH22,150
PH23,150
PH24,150
PH25,150
PH26,150
PH29,327
PH30,150
PH31,150
PH32,150
PH33,150
PH34,150
PH35,150
PH36,150
PH40,150
PH41,150
PH42,150
PH43,150
PH44,150
PH45,150
PH46,150
PH50,150
PH51,150
PH52,150
PH53,150
PH54,150
PH55,150
PH56,150
PH57,150
PH58,150
PH60,150
PH61,150
PH62,150
PH63,150
PH64,150
PH65,150
PH66,150
PH67,150
PH68,150
PH69,150
PH70,150
PH71,150
PH72,150
PH73,150
PH74,150
PH75,150
PH76,150
PH77,150
PH78,150
PH80,150
PH81,150
PH82,150
PH83,150
PH84,150
PH85,150
PH86,150
PH87,150
PH88,150
PH90,150
PH91,150
PH92,150
PH93,150
PI00,327
PI01,327
PI02,327
PI03,327
PI04,327
PI05,327
PI06,327
PI07,327
PI08,327
PI09,327
PI10,327
PI11,327
PI14,327
PI15,327
PI16,327
PI17,327
PI18,327
PI19,327
PI22,327
PI23,327
PI24,327
PI26,327
PI27,327
PI28,327
PI30,511
PI32,327
PI34,327
PI36,327
PI37,327
PI38,327
PI39,327
PI41,327
PI42,327
PI43,327
PI45,327
PI46,327
PI47,327
PI48,327
PI49,327
PI51,327
PI52,327
PI53,327
PI54,327
PI55,327
PI56,327
PI57,327
PI58,327
PI59,327
PI64,327
PI65,327
PI66,327
PI67,327
PI68,327
PI69,327
PI73,327
PI74,327
PI75,327
PI76,327
PI77,327
PI78,327
PI79,327
PI81,327
PI82,327
PI84,327
PI85,327
PI86,327
PI87,327
PI88,327
PI89,327
PI91,327
PI92,327
PI93,327
PI94,327
PI95,327
PI96,327
PI97,327
PI98,327
PJ00,327
PJ01,327
PJ05,375
PJ06,375
PJ07,375
PJ09,375
PJ10,327
PJ11,327
PJ16,375
PJ17,375
PJ18,375
PJ19,375
PJ20,327
PJ21,327
PJ22,327
PJ23,327
PJ25,375
PJ26,375
PJ27,375
PJ28,375
PJ29,375
PJ30,327
PJ31,327
PJ32,327
PJ33,327
PJ34,327
PJ35,327
PJ36,375
PJ37,375
PJ38,375
PJ39,375
PJ40,327
PJ41,327
PJ42,327
PJ51,327
PJ52,22
PJ53,22
PJ65,22
PJ70,327
PJ76,22
PJ77,22
PJ78,22
PJ99,173
PK00,375
PK01,375
PK02,375
PK03,375
PK04,375
PK05,375
PK06,375
PK07,375
PK08,375
PK09,375
PK10,375
PK11,375
PK12,375
PK13,375
PK14,375
PK15,375
PK16,375
PK17,375
PK18,375
PK20,375
PK21,375
PK22,375
PK23,375
PK24,375
PK30,375
PL00,375
PL02,386
PL03,386
PL04,386
PL05,386
PL06,318
PL07,318
PL08,318
PL09,318
PL10,375
PL19,318
PL24,339
PL36,339
PL37,339
PL46,339
PL47,339
PL48,339
PL49,339
PL55,339
PL58,339
PM00,318
PM01,318
PM02,318
PM03,318
PM04,318
PM05,318
PM06,318
PM07,318
PM08,318
PM09,318
PM10,318
PM16,318
PM17,318
PM19,318
PM24,137
PM28,344
PM33,137
PM34,137
PM35,137
PM36,137
PM39,344
PM40,339
PM41,339
PM42,339
PM43,339
PM45,137
PM46,137
PM47,137
PM50,339
PM51,339
PM52,339
PM53,339
PM54,339
PM57,137
PM62,339
PM63,339
PM64,339
PM65,339
PM66,339
PM73,339
PM74,339
PM75,339
PM76,339
PM83,339
PM84,339
PM85,339
PM86,339
PM87,339
PM92,339
PM93,339
PM94,339
PM95,339
PM96,339
PM97,339
PM98,339
PM99,339
PN00,318
PN01,318
PN02,318
PN03,318
PN04,318
PN05,318
PN06,318
PN07,318
PN08,318
PN09,318
PN10,318
PN11,318
PN12,318
PN13,318
PN14,318
PN15,318
PN16,318
PN17,318
PN18,318
PN19,318
PN22,318
PN23,318
PN24,318
PN25,318
PN26,318
PN27,318
PN28,318
PN29,318
PN32,318
PN33,318
PN34,318
PN35,318
PN36,318
PN37,318
PN38,318
PN40,344
PN43,318
PN44,318
PN45,318
PN46,318
PN47,318
PN48,318
PN51,344
PN56,318
PN62,15
PN63,15
PN64,15
PN69,15
PN73,15
PN74,15
PN75,15
PN79,15
PN84,15
PN85,15
PN86,15
PN87,15
PN88,15
PN89,15
PN90,339
PN91,339
PN92,339
PN96,15
PN97,15
PN98,15
PN99,15
PO00,318
PO04,15
PO05,15
PO06,15
PO07,15
PO08,15
PO09,15
PO10,318
PO11,318
PO12,318
PO14,15
PO15,15
PO16,15
PO17,15
PO18,15
PO19,15
PO20,318
PO21,318
PO24,15
PO25,15
PO26,15
PO27,15
PO28,15
PO29,15
PO33,15
PO34,15
PO35,15
PO36,15
PO37,15
PO38,15
PO39,15
PO40,15
PO41,15
PO42,15
PO43,15
PO44,15
PO45,15
PO46,15
PO47,15
PO48,15
PO49,15
PO50,15
PO51,15
PO52,15
PO53,15
PO54,15
PO55,15
PO56,15
PO57,15
PO58,15
PO59,15
PO60,15
PO61,15
PO62,15
PO63,15
PO64,15
PO65,15
PO66,15
PO67,15
PO68,15
PO69,15
PO70,15
PO71,15
PO72,15
PO73,15
PO74,15
PO75,15
PO76,15
PO77,15
PO78,15
PO79,15
PO80,15
PO81,15
PO82,15
PO83,15
PO84,15
PO85,15
PO86,15
PO87,15
PO88,15
PO89,15
PO90,15
PO91,15
PO92,15
PO93,15
PO94,15
PO96,15
PO97,15
PO98,15
PO99,15
PP00,15
PP01,15
PP02,15
PP03,15
PP04,15
PP05,15
PP06,15
PP07,15
PP08,15
PP09,15
PP10,15
PP11,15
PP12,15
PP13,15
PP14,15
PP15,15
PP16,15
PP17,15
PP18,15
PP19,15
PP20,15
PP21,15
PP22,15
PP23,15
PP24,15
PP25,15
PP26,15
PP27,15
PP28,15
PP29,15
PP30,15
PP31,15
PP32,15
PP33,15
PP34,15
PP35,15
PP36,15
PP37,15
PP38,15
PP39,15
PP40,15
PP41,15
PP42,15
PP43,15
PP44,15
PP45,15
PP46,15
PP47,15
PP48,15
PP49,15
PP50,15
PP51,15
PP52,15
PP53,15
PP54,15
PP55,15
PP56,15
PP57,15
PP58,15
PP59,15
PP60,15
PP61,15
PP62,15
PP63,15
PP64,15
PP65,15
PP66,15
PP67,15
PP68,15
PP69,15
PP70,15
PP71,15
PP72,15
PP73,15
PP74,15
PP75,15
PP76,15
PP77,15
PP78,15
PP79,15
PP80,15
PP81,15
PP82,15
PP83,15
PP84,15
PP85,15
PP86,15
PP87,15
PP88,15
PP89,15
PP90,15
PP91,15
PP92,15
PP93,15
PP94,15
PP95,15
PP96,15
PP97,15
PP98,15
PP99,15
PQ00,15
PQ01,15
PQ02,15
PQ03,15
PQ10,15
PQ11,15
PQ12,15
PQ13,15
PQ20,15
PQ21,15
PQ22,15
PQ23,15
PQ30,15
PQ31,15
PQ32,15
PQ33,15
PQ40,15
PQ41,15
PQ42,15
PQ43,15
PQ50,15
PQ51,15
PQ60,15
PQ61,15
PQ70,15
PQ71,15
PQ80,15
PQ81,15
PQ84,15
PQ85,15
PQ86,15
PQ90,15
PQ91,15
PQ92,15
PQ93,15
PQ94,15
PQ95,15
PQ96,15
QA00,13
QA01,13
QA02,13
QA03,13
QA04,13
QA05,13
QA06,13
QA07,13
QA08,13
QA09,13
QA10,13
QA11,13
QA12,13
QA13,13
QA14,13
QA15,13
QA16,13
QA17,13
QA18,13
QA19,13
QA20,13
QA21,13
QA22,13
QA23,13
QA24,13
QA25,13
QA26,13
QA27,13
QA28,13
QA29,13
QA30,13
QA31,13
QA32,13
QA33,13
QA34,13
QA35,13
QA36,13
QA37,13
QA38,13
QA39,13
QA40,13
QA41,13
QA42,13
QA43,13
QA44,13
QA45,13
QA46,13
QA47,13
QA48,13
QA49,13
QA50,13
QA51,13
QA52,13
QA53,13
QA54,13
QA55,13
QA56,13
QA57,13
QA58,13
QA59,13
QA60,13
QA61,13
QA62,13
QA63,13
QA64,13
QA65,13
QA66,13
QA67,13
QA68,13
QA69,13
QA70,13
QA71,13
QA72,13
QA73,13
QA74,13
QA75,13
QA76,13
QA77,13
QA78,13
QA79,13
QA80,13
QA81,13
QA82,13
QA83,13
QA84,13
QA85,13
QA86,13
QA87,13
QA88,13
QA89,13
QA90,13
QA91,13
QA92,13
QA93,13
QA94,13
QA95,13
QA96,13
QA97,13
QA98,13
QA99,13
QB00,13
QB01,13
QB02,13
QB03,13
QB04,13
QB05,13
QB06,13
QB07,13
QB08,13
QB09,13
QB10,13
QB11,13
QB12,13
QB13,13
QB14,13
QB15,13
QB16,13
QB17,13
QB18,13
QB19,13
QB20,13
QB21,13
QB22,13
QB23,13
QB24,13
QB25,13
QB26,13
QB27,13
QB28,13
QB29,13
QB30,13
QB31,13
QB32,13
QB33,13
QB34,13
QB35,13
QB36,13
QB37,13
QB38,13
QB39,13
QB40,13
QB41,13
QB42,13
QB43,13
QB44,13
QB45,13
QB46,13
QB47,13
QB48,13
QB49,13
QB50,13
QB51,13
QB52,13
QB53,13
QB54,13
QB55,13
QB56,13
QB57,13
QB58,13
QB59,13
QB60,13
QB61,13
QB62,13
QB63,13
QB64,13
QB65,13
QB66,13
QB67,13
QB68,13
QB69,13
QB70,13
QB71,13
QB72,13
QB73,13
QB74,13
QB75,13
QB76,13
QB77,13
QB78,13
QB79,13
QB80,13
QB81,13
QB82,13
QB83,13
QB84,13
QB85,13
QB86,13
QB87,13
QB88,13
QB89,13
QB90,13
QB91,13
QB92,13
QB93,13
QB94,13
QB95,13
QB96,13
QB97,13
QB98,13
QB99,13
QC00,13
QC01,13
QC02,13
QC03,13
QC10,13
QC11,13
QC12,13
QC13,13
QC20,13
QC21,13
QC22,13
QC30,13
QC31,13
QC32,13
QC40,13
QC41,13
QC50,13
QC51,13
QC60,13
QC61,13
QC70,13
QC71,13
QC80,13
QC90,13
QD95,153
QE19,150
QE26,150
QE27,150
QE28,150
QE29,150
QE36,150
QE37,150
QE38,150
QE39,150
QE46,150
QE47,150
QE48,150
QE49,150
QF01,150
QF02,150
QF03,150
QF04,150
QF05,150
QF06,150
QF07,150
QF08,150
QF09,150
QF10,150
QF11,150
QF12,150
QF13,150
QF14,150
QF15,150
QF16,150
QF17,150
QF18,150
QF19,150
QF20,150
QF21,150
QF22,150
QF23,150
QF24,150
QF25,150
QF26,150
QF27,150
QF28,150
QF29,150
QF30,150
QF31,150
QF32,150
QF33,150
QF34,150
QF35,150
QF36,150
QF37,150
QF38,150
QF39,150
QF40,150
QF42,150
QF43,150
QF44,150
QF45,150
QF46,150
QF47,150
QF48,150
QF49,150
QF52,150
QF53,150
QF54,150
QF55,150
QF56,150
QF57,150
QF58,150
QF59,150
QF67,150
QF68,150
QF69,150
QF98,147
QG00,150
QG01,150
QG02,150
QG03,150
QG04,150
QG05,150
QG06,150
QG07,150
QG08,150
QG09,150
QG10,150
QG11,150
QG12,150
QG13,150
QG14,150
QG15,150
QG16,150
QG17,150
QG18,150
QG19,150
QG20,150
QG21,150
QG22,150
QG23,150
QG24,150
QG25,150
QG26,150
QG27,150
QG28,150
QG29,150
QG30,150
QG31,150
QG32,150
QG33,150
QG34,150
QG35,150
QG36,150
QG37,150
QG38,150
QG39,150
QG40,150
QG41,150
QG42,150
QG43,150
QG44,150
QG45,150
QG46,150
QG47,150
QG48,150
QG49,150
QG50,150
QG51,150
QG52,150
QG53,150
QG54,150
QG55,150
QG56,150
QG57,150
QG58,150
QG60,150
QG61,150
QG62,150
QG63,150
QG64,150
QG65,150
QG98,512
QG99,512
QH00,150
QH01,150
QH02,150
QH03,150
QH04,150
QH05,150
QH06,150
QH07,150
QH08,150
QH10,150
QH11,150
QH12,150
QH13,150
QH14,150
QH15,150
QH16,150
QH17,150
QH18,150
QH19,150
QH20,150
QH21,150
QH22,150
QH23,150
QH24,150
QH25,150
QH30,150
QH31,150
QH32,150
QH39,163
QH40,150
QH43,303
QH44,303
QH49,163
QH53,303
QH54,303
QH59,163
QH68,163
QH69,163
QH72,171
QH78,163
QH80,512
QH82,171
QH90,512
QH91,512
QH98,185
QI11,163
QI12,163
QI13,163
QI14,163
QI15,163
QI16,163
QI17,163
QI18,163
QI21,163
QI22,163
QI23,163
QI24,163
QI25,163
QI26,163
QI30,163
QI31,163
QI32,163
QI33,163
QI34,163
QI35,163
QI37,163
QI38,163
QI40,163
QI41,163
QI43,163
QI44,163
QI45,163
QI47,163
QI48,163
QI50,163
QI51,163
QI53,163
QI54,163
QI55,163
QI56,163
QI57,163
QI58,163
QI60,163
QI61,163
QI64,163
QI65,163
QI66,163
QI67,163
QI72,185
QI74,163
QI75,163
QI76,163
QI81,185
QI82,185
QI83,185
QI90,185
QI91,185
QI92,185
QJ09,173
QJ46,173
QJ47,173
QJ48,173
QJ57,173
QJ58,173
QJ65,173
QJ70,173
QJ73,173
QJ85,173
QJ86,173
QJ96,173
QK23,103
QK24,166
QK25,166
QK26,166
QK27,166
QK28,166
QK29,166
QL04,339
QL05,339
QL06,192
QL16,192
QL17,192
QL20,166
QL64,177
QL74,177
QM00,339
QM01,339
QM05,339
QM06,339
QM07,339
QM08,339
QM09,339
QM19,339
QN00,339
QN01,339
QN02,339
QN03,339
QN04,339
QN05,339
QN06,15
QN07,15
QN08,15
QN09,15
QN11,339
QN12,339
QN13,339
QN14,339
QN16,15
QN17,15
QN18,15
QN19,15
QN22,339
QN23,339
QN24,339
QN28,15
QN29,15
QO00,15
QO01,15
QO02,15
QO03,15
QO04,15
QO07,15
QO08,15
QO09,15
QO10,15
QO11,15
QO12,15
QO13,15
QO14,15
QO18,15
QO19,15
QO20,15
QO29,15
QO39,15
QO49,15
QO58,15
QO59,15
QO68,15
QO69,15
QO73,15
QO74,15
QO75,15
QO76,15
QO79,15
QO81,15
QO82,15
QO83,15
QO84,15
QO85,15
QO86,15
QO87,15
QO88,15
QO91,15
QO92,15
QO93,15
QO94,15
QO95,15
QO96,15
QO97,15
QO98,15
QO99,15
QP00,15
QP01,15
QP02,15
QP03,15
QP04,15
QP05,15
QP06,15
QP07,15
QP08,15
QP09,15
QP10,15
QP11,15
QP12,15
QP13,15
QP14,15
QP15,15
QP16,15
QP17,15
QP18,15
QP19,15
QP20,15
QP21,15
QP22,15
QP23,15
QP24,15
QP25,15
QP26,15
QP27,15
QP28,15
QP29,15
QP30,15
QP31,15
QP32,15
QP33,15
QP34,15
QP35,15
QP36,15
QP37,15
QP38,15
QP39,15
QP40,15
QP41,15
QP42,15
QP43,15
QP44,15
QP45,15
QP46,15
QP47,15
QP48,15
QP49,15
QP50,15
QP51,15
QP52,15
QP53,15
QP54,15
QP55,15
QP56,15
QP57,15
QP58,15
QP59,15
QP60,15
QP61,15
QP62,15
QP63,15
QP64,15
QP65,15
QP66,15
QP67,15
QP68,15
QP69,15
QP70,15
QP71,15
QP72,15
QP73,15
QP74,15
QP75,15
QP76,15
QP77,15
QP78,15
QP79,15
QP80,15
QP81,15
QP82,15
QP83,15
QP84,15
QP85,15
QP86,15
QP87,15
QP88,15
QP89,15
QP90,15
QP91,15
QP92,15
QP93,15
QP94,15
QP95,15
QP96,15
QP97,15
QP98,15
QP99,15
QQ00,15
QQ01,15
QQ02,15
QQ03,15
QQ04,15
QQ05,15
QQ06,15
QQ10,15
QQ11,15
QQ12,15
QQ13,15
QQ14,15
QQ15,15
QQ16,15
QQ20,15
QQ21,15
QQ22,15
QQ24,15
QQ25,15
QQ30,15
QQ31,15
QQ32,15
QQ34,15
QQ35,15
QQ40,15
QQ41,15
QQ42,15
QQ44,15
QQ45,15
QQ50,15
QQ51,15
QQ54,15
QQ55,15
QQ60,15
QQ61,15
QQ70,15
QQ80,15
QQ81,15
QQ90,15
RA00,13
RA01,13
RA02,13
RA03,13
RA04,13
RA05,13
RA06,13
RA07,13
RA08,13
RA09,13
RA10,13
RA11,13
RA12,13
RA13,13
RA14,13
RA15,13
RA16,13
RA17,13
RA18,13
RA20,13
RA21,13
RA22,13
RA23,13
RA24,13
RA25,13
RA26,13
RA27,13
RA30,13
RA31,13
RA32,13
RA33,13
RA34,13
RA35,13
RA36,13
RA37,13
RA40,13
RA41,13
RA42,13
RA43,13
RA44,13
RA45,13
RA46,13
RA47,13
RA50,13
RA51,13
RA52,13
RA53,13
RA54,13
RA55,13
RA56,13
RA60,13
RA61,13
RA62,13
RA63,13
RA64,13
RA65,13
RA66,13
RA70,13
RA71,13
RA72,13
RA73,13
RA74,13
RA75,13
RA76,13
RA80,13
RA81,13
RA82,13
RA83,13
RA84,13
RA85,13
RA86,13
RA90,13
RA91,13
RA92,13
RA93,13
RA94,13
RA95,13
RB00,13
RB01,13
RB02,13
RB03,13
RB04,13
RB05,13
RB06,13
RB07,13
RB08,13
RB09,13
RB10,13
RB11,13
RB12,13
RB13,13
RB14,13
RB15,13
RB16,13
RB17,13
RB18,13
RB19,13
RB21,13
RB22,13
RB25,13
RB26,13
RB27,13
RB28,13
RB29,13
RB31,13
RB32,13
RB33,13
RB36,13
RB37,13
RB38,13
RB39,13
RB42,13
RB46,13
RB47,13
RB48,13
RB57,13
RB58,13
RC00,13
RC13,13
RC22,13
RD28,16
RD29,16
RD38,16
RD39,16
RD47,16
RE31,170
RE32,170
RE33,170
RE34,170
RE35,170
RE42,170
RE43,170
RE44,170
RE45,170
RE46,170
RE53,170
RE54,170
RE55,170
RE56,170
RE57,170
RE58,170
RE66,170
RE67,170
RE68,170
RE69,170
RE77,170
RE78,170
RE79,170
RE88,170
RE89,170
RE90,16
RE92,16
RF60,170
RF63,170
RF64,170
RF65,170
RF70,170
RF71,170
RF72,170
RF73,170
RF74,170
RF80,170
RF81,170
RF82,170
RF91,170
RF92,170
RG19,162
RG28,162
RG29,162
RG30,189
RG31,189
RG37,162
RG38,162
RG39,162
RG48,162
RG49,158
RG57,162
RG78,489
RH08,185
RH09,185
RH10,162
RH19,185
RH28,507
RH29,507
RH33,158
RH34,158
RH35,158
RH36,158
RH37,507
RH38,507
RH39,507
RH40,158
RH41,158
RH42,158
RH43,158
RH44,158
RH45,158
RH47,507
RH48,507
RH57,507
RH58,507
RH80,176
RH81,176
RH82,176
RH83,176
RH87,460
RH90,176
RH91,176
RH92,176
RH93,176
RI00,185
RI01,185
RI02,185
RI11,185
RI20,507
RI30,507
RI39,157
RI48,490
RI49,490
RI69,301
RI77,301
RI78,301
RI79,301
RI82,282
RI83,282
RI84,282
RI87,301
RI88,301
RI90,282
RI91,282
RI92,282
RJ15,173
RJ38,168
RJ44,168
RJ45,168
RJ46,168
RJ47,168
RJ56,168
RJ57,168
RJ58,168
RJ59,168
RJ60,301
RJ61,301
RJ62,301
RJ63,301
RJ66,168
RJ70,301
RK21,168
RK31,168
RK39,297
RK44,168
RK50,168
RO03,15
RO04,15
RO05,15
RO06,15
RO07,15
RO08,15
RO09,15
RO14,15
RO15,15
RO16,15
RO17,15
RO18,15
RO19,15
RO29,15
RO39,15
RO59,15
RO62,6
RO63,6
RO72,6
RO81,6
RO82,6
RO91,6
RO92,6
RP00,15
RP01,15
RP02,15
RP03,15
RP04,15
RP05,15
RP06,15
RP07,15
RP08,15
RP09,15
RP10,15
RP11,15
RP12,15
RP13,15
RP14,15
RP15,15
RP16,15
RP17,15
RP18,15
RP19,15
RP20,15
RP21,15
RP22,15
RP23,15
RP24,15
RP25,15
RP26,15
RP27,15
RP28,15
RP29,15
RP30,15
RP31,15
RP32,15
RP33,15
RP34,15
RP35,15
RP36,15
RP37,15
RP38,15
RP39,15
RP40,15
RP41,15
RP42,15
RP43,15
RP44,15
RP45,15
RP46,15
RP47,15
RP48,15
RP49,15
RP50,15
RP51,15
RP52,15
RP53,15
RP54,15
RP55,15
RP56,15
RP57,15
RP58,15
RP59,15
RP60,15
RP61,15
RP62,15
RP63,15
RP64,15
RP65,15
RP66,15
RP67,15
RP68,15
RP69,15
RP71,15
RP72,15
RP73,15
RP74,15
RP75,15
RP76,15
RP77,15
RP78,15
RP79,15
RP82,15
RP83,15
RP84,15
RP85,15
RP86,15
RP87,15
RP88,15
RP89,15
RP92,15
RP93,15
RP94,15
RP95,15
RP96,15
RP97,15
RP98,15
RP99,15
RQ50,15
RQ90,15
RQ91,15
